cardName,cardCmc,cardType,powTough,set,setDetails,cardImage
Allied Assault,{2} {W} ,Instant,,Zendikar Rising (ZNR),#1 · Uncommon · English,https://c1.scryfall.com/file/scryfall-cards/large/front/3/4/340df0d4-9848-4372-9f45-a73a8e94058a.jpg?1604195342
Angel of Destiny,{3} {W} {W} ,Creature — Angel Cleric,2/6,Zendikar Rising (ZNR),#2 · Mythic Rare · English,https://c1.scryfall.com/file/scryfall-cards/large/front/9/8/9897074a-0ac4-4d1a-9aac-e77830cc5c78.jpg?1604195368
Angelheart Protector,{2} {W} ,Creature — Human Cleric,3/2,Zendikar Rising (ZNR),#3 · Common · English,https://c1.scryfall.com/file/scryfall-cards/large/front/c/0/c06cc03f-da73-4ba5-96c9-618b497a7ea3.jpg?1604195388
Archon of Emeria,{2} {W} ,Creature — Archon,2/3,Zendikar Rising (ZNR),#4 · Rare · English,https://c1.scryfall.com/file/scryfall-cards/large/front/2/2/228c1650-da3c-4099-91b6-18e3873c9cdb.jpg?1604195419
Archpriest of Iona,{W} ,Creature — Human Cleric,*/2,Zendikar Rising (ZNR),#5 · Rare · English,https://c1.scryfall.com/file/scryfall-cards/large/front/f/7/f7dc61e4-46e3-473b-90f8-27e71e1088e8.jpg?1604195451
Attended Healer,{3} {W} ,Creature — Kor Cleric,2/3,Zendikar Rising (ZNR),#6 · Uncommon · English,https://c1.scryfall.com/file/scryfall-cards/large/front/6/c/6ca80b5a-3943-41ca-8cd1-8e3db1b2a1c8.jpg?1604195482
Canyon Jerboa,{2} {W} ,Creature — Mouse,1/2,Zendikar Rising (ZNR),#7 · Uncommon · English,https://c1.scryfall.com/file/scryfall-cards/large/front/2/6/26b3938e-ebd7-4668-be3a-422c02ff5b08.jpg?1604195520
Cliffhaven Sell-Sword,{1} {W} ,Creature — Kor Warrior,3/1,Zendikar Rising (ZNR),#8 · Common · English,https://c1.scryfall.com/file/scryfall-cards/large/front/7/f/7f334767-4353-4379-a934-fa67075db439.jpg?1604195546
Dauntless Unity,{1} {W} ,Instant,,Zendikar Rising (ZNR),#9 · Common · English,https://c1.scryfall.com/file/scryfall-cards/large/front/b/1/b12a4d17-68e6-4133-99fd-e501e24e6c6b.jpg?1604195576
Disenchant,{1} {W} ,Instant,,Zendikar Rising (ZNR),#10 · Common · English,https://c1.scryfall.com/file/scryfall-cards/large/front/5/c/5c37ba56-e22c-4b10-821a-2827c5cd81ad.jpg?1604195611
Emeria Captain,{3} {W} ,Creature — Angel Warrior,1/1,Zendikar Rising (ZNR),#11 · Uncommon · English,https://c1.scryfall.com/file/scryfall-cards/large/front/6/4/6490370e-fff5-4f17-b715-74ff8df5bc7c.jpg?1604195642
"[""Emeria's Call"", 'Emeria, Shattered Skyclave']",{4} {W} {W} {W} ,Sorcery,,Zendikar Rising (ZNR),#12 · Mythic Rare · English,"['https://c1.scryfall.com/file/scryfall-cards/large/front/c/4/c470539a-9cc7-4175-8f7c-c982b6072b6d.jpg?1604195709', 'https://c1.scryfall.com/file/scryfall-cards/large/back/c/4/c470539a-9cc7-4175-8f7c-c982b6072b6d.jpg?1604195709']"
Expedition Healer,{1} {W} ,Creature — Kor Cleric,2/2,Zendikar Rising (ZNR),#13 · Common · English,https://c1.scryfall.com/file/scryfall-cards/large/front/1/1/11a00a88-de0e-4012-9ad8-ccb187dff7df.jpg?1604195734
Farsight Adept,{2} {W} ,Creature — Kor Wizard,3/3,Zendikar Rising (ZNR),#14 · Common · English,https://c1.scryfall.com/file/scryfall-cards/large/front/5/9/5949bb9a-b4e8-4992-a12d-8e31953aff0d.jpg?1604195753
Fearless Fledgling,{1} {W} ,Creature — Griffin,1/1,Zendikar Rising (ZNR),#15 · Uncommon · English,https://c1.scryfall.com/file/scryfall-cards/large/front/0/2/02d73eb7-4e76-48d4-90fa-fa972dc0fccb.jpg?1604195796
Felidar Retreat,{3} {W} ,Enchantment,,Zendikar Rising (ZNR),#16 · Rare · English,https://c1.scryfall.com/file/scryfall-cards/large/front/4/5/45340647-4d3e-4be1-b0e6-e40cc56a438b.jpg?1604195832
Journey to Oblivion,{4} {W} ,Enchantment,,Zendikar Rising (ZNR),#17 · Uncommon · English,https://c1.scryfall.com/file/scryfall-cards/large/front/4/7/47120e3c-73aa-468d-96b7-47aead342e31.jpg?1604195865
Kabira Outrider,{3} {W} ,Creature — Human Warrior,3/3,Zendikar Rising (ZNR),#18 · Common · English,https://c1.scryfall.com/file/scryfall-cards/large/front/5/3/53c81719-f820-4674-9cfb-cd5eaf0c1f0d.jpg?1604195914
"['Kabira Takedown', 'Kabira Plateau']",{1} {W} ,Instant,,Zendikar Rising (ZNR),#19 · Uncommon · English,"['https://c1.scryfall.com/file/scryfall-cards/large/front/3/6/366e9845-019d-47cc-adb8-8fbbaad35b6d.jpg?1604195985', 'https://c1.scryfall.com/file/scryfall-cards/large/back/3/6/366e9845-019d-47cc-adb8-8fbbaad35b6d.jpg?1604195985']"
Kitesail Cleric,{W} ,Creature — Kor Cleric,1/1,Zendikar Rising (ZNR),#20 · Uncommon · English,https://c1.scryfall.com/file/scryfall-cards/large/front/1/6/16626f84-00d3-4ec9-b62c-19fff380cd3a.jpg?1604195997
Kor Blademaster,{1} {W} ,Creature — Kor Warrior,1/1,Zendikar Rising (ZNR),#21 · Uncommon · English,https://c1.scryfall.com/file/scryfall-cards/large/front/f/c/fc6d6049-5599-47eb-ae58-a8eb96927ece.jpg?1604192436
Kor Celebrant,{2} {W} ,Creature — Kor Cleric,1/4,Zendikar Rising (ZNR),#22 · Common · English,https://c1.scryfall.com/file/scryfall-cards/large/front/8/7/87c37e46-a961-4739-8893-f783013e2be6.jpg?1604192472
Legion Angel,{2} {W} {W} ,Creature — Angel Warrior,4/3,Zendikar Rising (ZNR),#23 · Rare · English,https://c1.scryfall.com/file/scryfall-cards/large/front/b/d/bda5609a-ab22-4f03-988b-8056c97fdc9e.jpg?1604192509
Luminarch Aspirant,{1} {W} ,Creature — Human Cleric,1/1,Zendikar Rising (ZNR),#24 · Rare · English,https://c1.scryfall.com/file/scryfall-cards/large/front/f/e/fe964e7e-e2c5-4263-889d-0a531eb51442.jpg?1604192525
Makindi Ox,{4} {W} ,Creature — Ox,4/4,Zendikar Rising (ZNR),#25 · Common · English,https://c1.scryfall.com/file/scryfall-cards/large/front/f/d/fd0d164a-bce2-4474-abe0-b735eb6c9442.jpg?1604192569
"['Makindi Stampede', 'Makindi Mesas']",{3} {W} {W} ,Sorcery,,Zendikar Rising (ZNR),#26 · Uncommon · English,"['https://c1.scryfall.com/file/scryfall-cards/large/front/a/d/ada9a974-8f1f-4148-bd61-200fc14714b2.jpg?1604192616', 'https://c1.scryfall.com/file/scryfall-cards/large/back/a/d/ada9a974-8f1f-4148-bd61-200fc14714b2.jpg?1604192616']"
Maul of the Skyclaves,{2} {W} ,Artifact — Equipment,,Zendikar Rising (ZNR),#27 · Rare · English,https://c1.scryfall.com/file/scryfall-cards/large/front/f/1/f18f2608-0d44-442c-97a1-12ac94b7abac.jpg?1604192639
Mesa Lynx,{1} {W} ,Creature — Cat,2/1,Zendikar Rising (ZNR),#28 · Common · English,https://c1.scryfall.com/file/scryfall-cards/large/front/f/6/f65af09b-656f-4d81-b95d-b4f902e56bb7.jpg?1604192681
Nahiri's Binding,{1} {W} {W} ,Enchantment — Aura,,Zendikar Rising (ZNR),#29 · Common · English,https://c1.scryfall.com/file/scryfall-cards/large/front/4/2/421eac28-d6f2-44f2-b7ca-eb73fbf23887.jpg?1604192763
"['Ondu Inversion', 'Ondu Skyruins']",{6} {W} {W} ,Sorcery,,Zendikar Rising (ZNR),#30 · Rare · English,"['https://c1.scryfall.com/file/scryfall-cards/large/front/b/6/b6e6be8c-41c3-4348-a8dd-b40ceb24e9b4.jpg?1604243286', 'https://c1.scryfall.com/file/scryfall-cards/large/back/b/6/b6e6be8c-41c3-4348-a8dd-b40ceb24e9b4.jpg?1604243286']"
Paired Tactician,{2} {W} ,Creature — Human Warrior,3/2,Zendikar Rising (ZNR),#31 · Uncommon · English,https://c1.scryfall.com/file/scryfall-cards/large/front/6/7/67930e10-4de8-4d40-af27-4a38d35ab16f.jpg?1604192873
Practiced Tactics,{W} ,Instant,,Zendikar Rising (ZNR),#32 · Common · English,https://c1.scryfall.com/file/scryfall-cards/large/front/9/1/91b448f4-aa0c-42c7-a771-e8dd20e0520c.jpg?1604192922
Pressure Point,{1} {W} ,Instant,,Zendikar Rising (ZNR),#33 · Common · English,https://c1.scryfall.com/file/scryfall-cards/large/front/2/f/2fe82bbf-9b92-4684-a42d-fbc50c4c5903.jpg?1604192958
Prowling Felidar,{3} {W} ,Creature — Cat Beast,2/3,Zendikar Rising (ZNR),#34 · Common · English,https://c1.scryfall.com/file/scryfall-cards/large/front/b/9/b9d1c11a-a32c-449c-95c6-450dce6c26d2.jpg?1604193011
Resolute Strike,{W} ,Instant,,Zendikar Rising (ZNR),#35 · Common · English,https://c1.scryfall.com/file/scryfall-cards/large/front/7/8/78b82476-4320-4719-9785-af8d68503234.jpg?1604193042
Sea Gate Banneret,{W} ,Creature — Kor Warrior,1/2,Zendikar Rising (ZNR),#36 · Common · English,https://c1.scryfall.com/file/scryfall-cards/large/front/6/a/6ae4634e-1487-4b66-8f70-bcb4b1fa6e77.jpg?1604193084
"['Sejiri Shelter', 'Sejiri Glacier']",{1} {W} ,Instant,,Zendikar Rising (ZNR),#37 · Uncommon · English,"['https://c1.scryfall.com/file/scryfall-cards/large/front/f/2/f25d56f9-aa54-4657-9ac9-e93fbba3e715.jpg?1604193214', 'https://c1.scryfall.com/file/scryfall-cards/large/back/f/2/f25d56f9-aa54-4657-9ac9-e93fbba3e715.jpg?1604193214']"
Shepherd of Heroes,{4} {W} ,Creature — Angel Cleric,3/4,Zendikar Rising (ZNR),#38 · Common · English,https://c1.scryfall.com/file/scryfall-cards/large/front/1/f/1f70baa3-5232-4e10-80b4-a9ead6ed6ec3.jpg?1604235790
Skyclave Apparition,{1} {W} {W} ,Creature — Kor Spirit,2/2,Zendikar Rising (ZNR),#39 · Rare · English,https://c1.scryfall.com/file/scryfall-cards/large/front/b/8/b83cfbaa-7890-4f6f-878b-4edb45677371.jpg?1604193295
"['Skyclave Cleric', 'Skyclave Basilica']",{1} {W} ,Creature — Kor Cleric,1/3,Zendikar Rising (ZNR),#40 · Uncommon · English,"['https://c1.scryfall.com/file/scryfall-cards/large/front/0/1/014027c4-7f9d-4096-b308-ea4be574c0d4.jpg?1604243887', 'https://c1.scryfall.com/file/scryfall-cards/large/back/0/1/014027c4-7f9d-4096-b308-ea4be574c0d4.jpg?1604243887']"
Squad Commander,{3} {W} ,Creature — Kor Warrior,3/3,Zendikar Rising (ZNR),#41 · Rare · English,https://c1.scryfall.com/file/scryfall-cards/large/front/c/2/c2ce186d-c9cd-41e9-bac2-ad9d36c4939f.jpg?1604193386
Smite the Monstrous,{3} {W} ,Instant,,Zendikar Rising (ZNR),#42 · Common · English,https://c1.scryfall.com/file/scryfall-cards/large/front/9/c/9c103163-31b7-4d25-aa2c-02ca082ee1bf.jpg?1604193448
Tazeem Raptor,{2} {W} ,Creature — Bird,2/2,Zendikar Rising (ZNR),#43 · Common · English,https://c1.scryfall.com/file/scryfall-cards/large/front/2/9/299d60b9-0ba7-40ee-b9d0-ee8f1ea288c9.jpg?1604589296
"Tazri, Beacon of Unity",{4} {W} ,Legendary Creature — Human Warrior,4/6,Zendikar Rising (ZNR),#44 · Mythic Rare · English,https://c1.scryfall.com/file/scryfall-cards/large/front/d/4/d4b79138-5728-4541-9ea5-dce1a5ae7e6a.jpg?1604193517
Anticognition,{1} {U} ,Instant,,Zendikar Rising (ZNR),#45 · Common · English,https://c1.scryfall.com/file/scryfall-cards/large/front/d/b/db99b872-77c7-4471-9c44-a36d4ff5d33f.jpg?1604193539
"['Beyeen Veil', 'Beyeen Coast']",{1} {U} ,Instant,,Zendikar Rising (ZNR),#46 · Uncommon · English,"['https://c1.scryfall.com/file/scryfall-cards/large/front/5/f/5f411f08-45dd-4d73-8894-daf51c175150.jpg?1604193600', 'https://c1.scryfall.com/file/scryfall-cards/large/back/5/f/5f411f08-45dd-4d73-8894-daf51c175150.jpg?1604193600']"
Bubble Snare,{U} ,Enchantment — Aura,,Zendikar Rising (ZNR),#47 · Common · English,https://c1.scryfall.com/file/scryfall-cards/large/front/1/b/1bfba7a0-d5ca-4197-9e58-21f28345f1a6.jpg?1604193650
Cascade Seer,{3} {U} ,Creature — Merfolk Wizard,3/3,Zendikar Rising (ZNR),#48 · Common · English,https://c1.scryfall.com/file/scryfall-cards/large/front/1/3/13105c88-2926-40ad-bc7a-09d515aa36c6.jpg?1604193685
"Charix, the Raging Isle",{2} {U} {U} ,Legendary Creature — Leviathan Crab,0/17,Zendikar Rising (ZNR),#49 · Rare · English,https://c1.scryfall.com/file/scryfall-cards/large/front/e/8/e83a6804-1e3c-428c-af5e-1d56ba11c108.jpg?1604193709
Chilling Trap,{U} ,Instant,,Zendikar Rising (ZNR),#50 · Common · English,https://c1.scryfall.com/file/scryfall-cards/large/front/6/0/60f9adfd-a940-4d62-894b-84f17c693a10.jpg?1604193730
Cleric of Chill Depths,{1} {U} ,Creature — Merfolk Cleric,1/3,Zendikar Rising (ZNR),#51 · Common · English,https://c1.scryfall.com/file/scryfall-cards/large/front/b/4/b4ea262c-ea32-4aca-b96b-58f556a8dffc.jpg?1604193763
Concerted Defense,{U} ,Instant,,Zendikar Rising (ZNR),#52 · Uncommon · English,https://c1.scryfall.com/file/scryfall-cards/large/front/2/3/235c108d-3902-4c2e-919c-a5449cd2dc3c.jpg?1604193820
Confounding Conundrum,{1} {U} ,Enchantment,,Zendikar Rising (ZNR),#53 · Rare · English,https://c1.scryfall.com/file/scryfall-cards/large/front/9/5/95e37936-913e-4b16-a5a8-8aed733d702d.jpg?1604193855
Coralhelm Chronicler,{2} {U} ,Creature — Merfolk Wizard,2/2,Zendikar Rising (ZNR),#54 · Rare · English,https://c1.scryfall.com/file/scryfall-cards/large/front/5/0/50b54524-8345-4b47-913f-d883a1cbe3a1.jpg?1604193917
Cunning Geysermage,{2} {U} ,Creature — Human Wizard,3/2,Zendikar Rising (ZNR),#55 · Common · English,https://c1.scryfall.com/file/scryfall-cards/large/front/2/2/2217f0a9-5af5-45cc-8cf7-8878d4f66dd8.jpg?1604193977
Deliberate,{1} {U} ,Instant,,Zendikar Rising (ZNR),#56 · Common · English,https://c1.scryfall.com/file/scryfall-cards/large/front/c/4/c41c0dd0-fef2-4f3c-8f3c-9c9c521b5442.jpg?1604194005
Expedition Diviner,{3} {U} ,Creature — Merfolk Wizard,3/2,Zendikar Rising (ZNR),#57 · Common · English,https://c1.scryfall.com/file/scryfall-cards/large/front/0/9/090f6e94-fb5f-4861-a465-f11766303676.jpg?1604194021
Field Research,{2} {U} ,Sorcery,,Zendikar Rising (ZNR),#58 · Common · English,https://c1.scryfall.com/file/scryfall-cards/large/front/a/4/a48c3a2f-678b-4e70-a53f-258457d88d29.jpg?1604194056
Glacial Grasp,{2} {U} ,Instant,,Zendikar Rising (ZNR),#59 · Common · English,https://c1.scryfall.com/file/scryfall-cards/large/front/3/8/381d84d6-7b34-44cb-a697-54b835ba1281.jpg?1604194085
"['Glasspool Mimic', 'Glasspool Shore']",{2} {U} ,Creature — Shapeshifter Rogue,0/0,Zendikar Rising (ZNR),#60 · Rare · English,"['https://c1.scryfall.com/file/scryfall-cards/large/front/5/a/5adcb500-8c77-4925-8e2c-1243502827d1.jpg?1604243976', 'https://c1.scryfall.com/file/scryfall-cards/large/back/5/a/5adcb500-8c77-4925-8e2c-1243502827d1.jpg?1604243976']"
Inscription of Insight,{3} {U} ,Sorcery,,Zendikar Rising (ZNR),#61 · Rare · English,https://c1.scryfall.com/file/scryfall-cards/large/front/2/8/281cdb1c-21ae-4430-8e0f-c993f52ba891.jpg?1604194137
Into the Roil,{1} {U} ,Instant,,Zendikar Rising (ZNR),#62 · Common · English,https://c1.scryfall.com/file/scryfall-cards/large/front/8/9/899540b0-c17a-4a73-912c-9b8925203de1.jpg?1604194172
"Jace, Mirror Mage",{1} {U} {U} ,Legendary Planeswalker — Jace,,Zendikar Rising (ZNR),#63 · Mythic Rare · English,https://c1.scryfall.com/file/scryfall-cards/large/front/f/e/fe0ed348-e4ed-4b6a-b9d9-03539a6fb42a.jpg?1604194202
"['Jwari Disruption', 'Jwari Ruins']",{1} {U} ,Instant,,Zendikar Rising (ZNR),#64 · Uncommon · English,"['https://c1.scryfall.com/file/scryfall-cards/large/front/3/0/301750a7-d1fd-435e-bfa8-9d2fb22ad627.jpg?1604250757', 'https://c1.scryfall.com/file/scryfall-cards/large/back/3/0/301750a7-d1fd-435e-bfa8-9d2fb22ad627.jpg?1604250757']"
Living Tempest,{4} {U} ,Creature — Elemental,3/3,Zendikar Rising (ZNR),#65 · Common · English,https://c1.scryfall.com/file/scryfall-cards/large/front/a/0/a05ed233-9b53-4c67-ab1c-0217386c9fe4.jpg?1604194351
Lullmage's Domination,{X} {U} {U} {U} ,Sorcery,,Zendikar Rising (ZNR),#66 · Uncommon · English,https://c1.scryfall.com/file/scryfall-cards/large/front/c/9/c9944393-348f-4f0e-a0c7-9adcc5a30749.jpg?1604194383
Maddening Cacophony,{1} {U} ,Sorcery,,Zendikar Rising (ZNR),#67 · Rare · English,https://c1.scryfall.com/file/scryfall-cards/large/front/1/0/10a79733-702c-4611-b073-71db7f1158b2.jpg?1604194415
Master of Winds,{2} {U} {U} ,Creature — Sphinx Wizard,1/4,Zendikar Rising (ZNR),#68 · Rare · English,https://c1.scryfall.com/file/scryfall-cards/large/front/0/c/0caaf92a-3d9d-4c52-acff-cf960ec55e47.jpg?1604194468
Merfolk Falconer,{3} {U} {U} ,Creature — Merfolk Wizard,4/4,Zendikar Rising (ZNR),#69 · Uncommon · English,https://c1.scryfall.com/file/scryfall-cards/large/front/a/c/acb0d55a-9d6a-443d-aa82-5cea93188fd2.jpg?1604194490
Merfolk Windrobber,{U} ,Creature — Merfolk Rogue,1/1,Zendikar Rising (ZNR),#70 · Uncommon · English,https://c1.scryfall.com/file/scryfall-cards/large/front/1/1/112077b8-1514-4320-a70f-b23f3c7ce18a.jpg?1604194520
Negate,{1} {U} ,Instant,,Zendikar Rising (ZNR),#71 · Common · English,https://c1.scryfall.com/file/scryfall-cards/large/front/e/9/e92c7477-d453-4fa4-acf4-3835ab9eb55a.jpg?1604194548
Nimble Trapfinder,{1} {U} ,Creature — Human Rogue,2/1,Zendikar Rising (ZNR),#72 · Rare · English,https://c1.scryfall.com/file/scryfall-cards/large/front/1/e/1ee1a550-b7e7-48e0-bd96-a41986dbd879.jpg?1604194598
Risen Riptide,{2} {U} ,Creature — Elemental,0/5,Zendikar Rising (ZNR),#73 · Common · English,https://c1.scryfall.com/file/scryfall-cards/large/front/f/6/f6455009-030c-4a33-a60b-80863d8f8aaf.jpg?1604194618
Roost of Drakes,{U} ,Enchantment,,Zendikar Rising (ZNR),#74 · Uncommon · English,https://c1.scryfall.com/file/scryfall-cards/large/front/b/a/ba1240d4-dbd0-483b-934a-5f7c505fad42.jpg?1604194640
Ruin Crab,{U} ,Creature — Crab,0/3,Zendikar Rising (ZNR),#75 · Uncommon · English,https://c1.scryfall.com/file/scryfall-cards/large/front/7/3/738ce273-c938-42d2-83b2-c4f5f4000b0b.jpg?1604194671
"['Sea Gate Restoration', 'Sea Gate, Reborn']",{4} {U} {U} {U} ,Sorcery,,Zendikar Rising (ZNR),#76 · Mythic Rare · English,"['https://c1.scryfall.com/file/scryfall-cards/large/front/1/9/193071fe-180b-4d35-ba78-9c16675c29fc.jpg?1604250788', 'https://c1.scryfall.com/file/scryfall-cards/large/back/1/9/193071fe-180b-4d35-ba78-9c16675c29fc.jpg?1604250788']"
Sea Gate Stormcaller,{1} {U} ,Creature — Human Wizard,2/1,Zendikar Rising (ZNR),#77 · Mythic Rare · English,https://c1.scryfall.com/file/scryfall-cards/large/front/1/e/1e14e677-9bfa-4bcc-9772-8e7758d7538a.jpg?1604194815
Seafloor Stalker,{2} {U} ,Creature — Merfolk Rogue,2/3,Zendikar Rising (ZNR),#78 · Common · English,https://c1.scryfall.com/file/scryfall-cards/large/front/9/8/985e9696-6c76-4241-97fc-f166fe2420ce.jpg?1604231466
Shell Shield,{U} ,Instant,,Zendikar Rising (ZNR),#79 · Common · English,https://c1.scryfall.com/file/scryfall-cards/large/front/3/d/3daede39-8eef-4272-a483-312dbd2dd30f.jpg?1604194867
"['Silundi Vision', 'Silundi Isle']",{2} {U} ,Instant,,Zendikar Rising (ZNR),#80 · Uncommon · English,"['https://c1.scryfall.com/file/scryfall-cards/large/front/1/1/11568cdf-6148-494c-8b98-f5ca5797d775.jpg?1604194924', 'https://c1.scryfall.com/file/scryfall-cards/large/back/1/1/11568cdf-6148-494c-8b98-f5ca5797d775.jpg?1604194924']"
Skyclave Plunder,{4} {U} ,Sorcery,,Zendikar Rising (ZNR),#81 · Uncommon · English,https://c1.scryfall.com/file/scryfall-cards/large/front/3/f/3ff05312-787e-4e5e-a0d5-8f3fb576fc49.jpg?1604194953
Skyclave Squid,{1} {U} ,Creature — Squid,3/2,Zendikar Rising (ZNR),#82 · Common · English,https://c1.scryfall.com/file/scryfall-cards/large/front/5/8/581ed049-7b5b-47d9-96af-f737631a221f.jpg?1604194987
Sure-Footed Infiltrator,{3} {U} ,Creature — Merfolk Rogue,2/3,Zendikar Rising (ZNR),#83 · Uncommon · English,https://c1.scryfall.com/file/scryfall-cards/large/front/0/5/0505053c-8a9c-43ed-b44a-b52c56ba4f77.jpg?1604195009
Tazeem Roilmage,{1} {U} ,Creature — Merfolk Wizard,2/1,Zendikar Rising (ZNR),#84 · Common · English,https://c1.scryfall.com/file/scryfall-cards/large/front/6/f/6f222fb7-375d-4ee2-9ff6-bd71f63ab31a.jpg?1604195025
Thieving Skydiver,{1} {U} ,Creature — Merfolk Rogue,2/1,Zendikar Rising (ZNR),#85 · Rare · English,https://c1.scryfall.com/file/scryfall-cards/large/front/f/f/ff84ea71-e477-44f7-a3f8-77fef708efeb.jpg?1604195053
"['Umara Wizard', 'Umara Skyfalls']",{4} {U} ,Creature — Merfolk Wizard,4/3,Zendikar Rising (ZNR),#86 · Uncommon · English,"['https://c1.scryfall.com/file/scryfall-cards/large/front/8/9/890eee8d-a339-4143-adfa-1b17ec10c099.jpg?1604195112', 'https://c1.scryfall.com/file/scryfall-cards/large/back/8/9/890eee8d-a339-4143-adfa-1b17ec10c099.jpg?1604195112']"
Windrider Wizard,{2} {U} ,Creature — Human Wizard,2/2,Zendikar Rising (ZNR),#87 · Uncommon · English,https://c1.scryfall.com/file/scryfall-cards/large/front/c/7/c790a86d-db91-4a87-aa3a-3f9fc4d4b662.jpg?1604195132
Zulaport Duelist,{U} ,Creature — Human Rogue,1/1,Zendikar Rising (ZNR),#88 · Common · English,https://c1.scryfall.com/file/scryfall-cards/large/front/0/b/0b4c7268-60c6-4038-8ce9-d9d51bed4577.jpg?1604195154
Acquisitions Expert,{1} {B} ,Creature — Human Rogue,1/2,Zendikar Rising (ZNR),#89 · Uncommon · English,https://c1.scryfall.com/file/scryfall-cards/large/front/2/8/281336c7-ca7c-4c91-bdfb-d253a965cb7c.jpg?1604195180
"[""Agadeem's Awakening"", 'Agadeem, the Undercrypt']",{X} {B} {B} {B} ,Sorcery,,Zendikar Rising (ZNR),#90 · Mythic Rare · English,"['https://c1.scryfall.com/file/scryfall-cards/large/front/6/7/67f4c93b-080c-4196-b095-6a120a221988.jpg?1604195226', 'https://c1.scryfall.com/file/scryfall-cards/large/back/6/7/67f4c93b-080c-4196-b095-6a120a221988.jpg?1604195226']"
"['Blackbloom Rogue', 'Blackbloom Bog']",{2} {B} ,Creature — Human Rogue,2/3,Zendikar Rising (ZNR),#91 · Uncommon · English,"['https://c1.scryfall.com/file/scryfall-cards/large/front/3/2/32779721-b021-4bd4-95d1-4a19b78d9faa.jpg?1604195281', 'https://c1.scryfall.com/file/scryfall-cards/large/back/3/2/32779721-b021-4bd4-95d1-4a19b78d9faa.jpg?1604195281']"
Blood Beckoning,{B} ,Sorcery,,Zendikar Rising (ZNR),#92 · Common · English,https://c1.scryfall.com/file/scryfall-cards/large/front/0/c/0cb88075-14f8-4ac9-b947-5ca1d30938f1.jpg?1604195307
Blood Price,{3} {B} ,Sorcery,,Zendikar Rising (ZNR),#93 · Common · English,https://c1.scryfall.com/file/scryfall-cards/large/front/d/f/df14d32d-fe53-4370-8298-fab528ff12db.jpg?1604195324
Bloodchief's Thirst,{B} ,Sorcery,,Zendikar Rising (ZNR),#94 · Uncommon · English,https://c1.scryfall.com/file/scryfall-cards/large/front/0/5/059e8447-6b1c-4651-a734-a8fea2cbf7b2.jpg?1604195360
Coveted Prize,{4} {B} ,Sorcery,,Zendikar Rising (ZNR),#95 · Rare · English,https://c1.scryfall.com/file/scryfall-cards/large/front/5/a/5afbc5d3-318f-4545-88d6-fc81e5466238.jpg?1604195385
Deadly Alliance,{4} {B} ,Instant,,Zendikar Rising (ZNR),#96 · Common · English,https://c1.scryfall.com/file/scryfall-cards/large/front/0/0/007a5c8c-ed0b-4844-9393-a3d25d4ffa1d.jpg?1604195436
Demon's Disciple,{2} {B} ,Creature — Human Cleric,3/1,Zendikar Rising (ZNR),#97 · Uncommon · English,https://c1.scryfall.com/file/scryfall-cards/large/front/8/3/836f5197-e42b-45e0-8170-1b0a8a5beebd.jpg?1604231452
"Drana, the Last Bloodchief",{3} {B} {B} ,Legendary Creature — Vampire Cleric,4/4,Zendikar Rising (ZNR),#98 · Mythic Rare · English,https://c1.scryfall.com/file/scryfall-cards/large/front/5/c/5cd4154e-7681-444b-a0f2-33e887791ba7.jpg?1604195501
Drana's Silencer,{5} {B} ,Creature — Vampire Rogue,3/2,Zendikar Rising (ZNR),#99 · Common · English,https://c1.scryfall.com/file/scryfall-cards/large/front/5/9/59224f9a-deb2-4dd4-b2d4-967232c14254.jpg?1604195538
Dreadwurm,{4} {B} ,Creature — Wurm Horror,5/4,Zendikar Rising (ZNR),#100 · Common · English,https://c1.scryfall.com/file/scryfall-cards/large/front/3/3/339736a8-a00f-4e21-8d92-38486f73dba9.jpg?1604195570
Expedition Skulker,{1} {B} ,Creature — Vampire Rogue,2/2,Zendikar Rising (ZNR),#101 · Common · English,https://c1.scryfall.com/file/scryfall-cards/large/front/2/9/2966b1f0-3d30-4d92-87e5-f39ceacefbd2.jpg?1604195598
Feed the Swarm,{1} {B} ,Sorcery,,Zendikar Rising (ZNR),#102 · Common · English,https://c1.scryfall.com/file/scryfall-cards/large/front/f/6/f6b2eba7-862a-4efd-9f65-065fb2070855.jpg?1604195649
Ghastly Gloomhunter,{1} {B} ,Creature — Zombie Bat,1/1,Zendikar Rising (ZNR),#103 · Common · English,https://c1.scryfall.com/file/scryfall-cards/large/front/f/2/f272ac54-fea8-4044-83e2-f8fdc10f467d.jpg?1604195684
Guul Draz Mucklord,{2} {B} ,Creature — Crocodile,2/3,Zendikar Rising (ZNR),#104 · Common · English,https://c1.scryfall.com/file/scryfall-cards/large/front/b/9/b996743e-7f48-49d8-948b-ceb75bddf215.jpg?1604195708
Hagra Constrictor,{2} {B} ,Creature — Snake,0/0,Zendikar Rising (ZNR),#105 · Common · English,https://c1.scryfall.com/file/scryfall-cards/large/front/f/9/f971b71a-af69-43a7-b06c-e80eaaaf4a5f.jpg?1604195731
"['Hagra Mauling', 'Hagra Broodpit']",{2} {B} {B} ,Instant,,Zendikar Rising (ZNR),#106 · Rare · English,"['https://c1.scryfall.com/file/scryfall-cards/large/front/7/c/7c04c734-354d-4925-8161-7052110951df.jpg?1604195798', 'https://c1.scryfall.com/file/scryfall-cards/large/back/7/c/7c04c734-354d-4925-8161-7052110951df.jpg?1604195798']"
Highborn Vampire,{3} {B} ,Creature — Vampire Warrior,4/3,Zendikar Rising (ZNR),#107 · Common · English,https://c1.scryfall.com/file/scryfall-cards/large/front/2/4/24c40082-516e-4381-a4cc-e61c5a9a6cac.jpg?1604231440
Inscription of Ruin,{2} {B} ,Sorcery,,Zendikar Rising (ZNR),#108 · Rare · English,https://c1.scryfall.com/file/scryfall-cards/large/front/9/3/93612079-0b8d-489d-9ae1-3593414a8cee.jpg?1604195857
Lithoform Blight,{1} {B} ,Enchantment — Aura,,Zendikar Rising (ZNR),#109 · Uncommon · English,https://c1.scryfall.com/file/scryfall-cards/large/front/5/b/5b36d12e-9a68-4d3d-92e8-9840cd5320bc.jpg?1604195880
Malakir Blood-Priest,{1} {B} ,Creature — Vampire Cleric,2/1,Zendikar Rising (ZNR),#110 · Common · English,https://c1.scryfall.com/file/scryfall-cards/large/front/3/d/3d14ea81-d303-47db-90b4-7d10588f7ea6.jpg?1604195930
"['Malakir Rebirth', 'Malakir Mire']",{B} ,Instant,,Zendikar Rising (ZNR),#111 · Uncommon · English,"['https://c1.scryfall.com/file/scryfall-cards/large/front/6/0/609d3ecf-f88d-4268-a8d3-4bf2bcf5df60.jpg?1604195984', 'https://c1.scryfall.com/file/scryfall-cards/large/back/6/0/609d3ecf-f88d-4268-a8d3-4bf2bcf5df60.jpg?1604195984']"
Marauding Blight-Priest,{2} {B} ,Creature — Vampire Cleric,3/2,Zendikar Rising (ZNR),#112 · Common · English,https://c1.scryfall.com/file/scryfall-cards/large/front/7/3/730ddbcd-0814-4e22-85e9-78b0878324b6.jpg?1604195999
Mind Carver,{B} ,Artifact — Equipment,,Zendikar Rising (ZNR),#113 · Uncommon · English,https://c1.scryfall.com/file/scryfall-cards/large/front/1/0/105b6e18-bcd8-43b7-870d-6c7e5c06f99b.jpg?1604196057
Mind Drain,{2} {B} ,Sorcery,,Zendikar Rising (ZNR),#114 · Common · English,https://c1.scryfall.com/file/scryfall-cards/large/front/0/6/0683d586-a54b-425a-a24d-2efb2342f150.jpg?1604231429
Nighthawk Scavenger,{1} {B} {B} ,Creature — Vampire Rogue,1+*/3,Zendikar Rising (ZNR),#115 · Rare · English,https://c1.scryfall.com/file/scryfall-cards/large/front/e/b/eb348f07-1d48-4877-8a56-60655d64a3f7.jpg?1604231416
Nimana Skitter-Sneak,{3} {B} ,Creature — Human Rogue,3/4,Zendikar Rising (ZNR),#116 · Common · English,https://c1.scryfall.com/file/scryfall-cards/large/front/e/a/ea080141-6262-4595-8058-b2969b3f016b.jpg?1604196156
Nimana Skydancer,{2} {B} ,Creature — Human Rogue,2/1,Zendikar Rising (ZNR),#117 · Common · English,https://c1.scryfall.com/file/scryfall-cards/large/front/e/7/e72eaa0f-cbec-45a1-b390-cbbedf5a02f2.jpg?1604196242
Nullpriest of Oblivion,{1} {B} ,Creature — Vampire Cleric,2/1,Zendikar Rising (ZNR),#118 · Rare · English,https://c1.scryfall.com/file/scryfall-cards/large/front/0/8/086fc7fb-efcf-4676-8455-39b63edaec6a.jpg?1604196265
Oblivion's Hunger,{1} {B} ,Instant,,Zendikar Rising (ZNR),#119 · Common · English,https://c1.scryfall.com/file/scryfall-cards/large/front/f/a/faf65512-8228-48f4-ba7b-d861b66d28c9.jpg?1604196298
"['Pelakka Predation', 'Pelakka Caverns']",{2} {B} ,Sorcery,,Zendikar Rising (ZNR),#120 · Uncommon · English,"['https://c1.scryfall.com/file/scryfall-cards/large/front/e/6/e63f8b20-f45b-4293-9aac-cdc021939be6.jpg?1604231397', 'https://c1.scryfall.com/file/scryfall-cards/large/back/e/6/e63f8b20-f45b-4293-9aac-cdc021939be6.jpg?1604231397']"
Scion of the Swarm,{3} {B} {B} ,Creature — Vampire Cleric,3/3,Zendikar Rising (ZNR),#121 · Uncommon · English,https://c1.scryfall.com/file/scryfall-cards/large/front/0/4/043926fe-d25f-40b4-b556-181503434e68.jpg?1604196403
Scourge of the Skyclaves,{1} {B} ,Creature — Demon,*/*,Zendikar Rising (ZNR),#122 · Mythic Rare · English,https://c1.scryfall.com/file/scryfall-cards/large/front/4/d/4dea7bcc-3ff8-40b0-8264-0cd678d6ff31.jpg?1604196425
Shadow Stinger,{2} {B} ,Creature — Vampire Rogue,1/4,Zendikar Rising (ZNR),#123 · Uncommon · English,https://c1.scryfall.com/file/scryfall-cards/large/front/0/9/093e0b1e-2cd9-4743-9c0e-b8f3fbc41798.jpg?1604196460
Shadows' Verdict,{3} {B} {B} ,Sorcery,,Zendikar Rising (ZNR),#124 · Rare · English,https://c1.scryfall.com/file/scryfall-cards/large/front/5/2/52470883-b44d-415b-9324-8074e66f79ae.jpg?1604196514
Skyclave Shade,{1} {B} ,Creature — Shade,3/1,Zendikar Rising (ZNR),#125 · Rare · English,https://c1.scryfall.com/file/scryfall-cards/large/front/5/0/50bbc0e7-48ce-41e2-a014-1f2eb0427550.jpg?1604196541
Skyclave Shadowcat,{3} {B} ,Creature — Cat Horror,3/3,Zendikar Rising (ZNR),#126 · Uncommon · English,https://c1.scryfall.com/file/scryfall-cards/large/front/b/2/b27fcfc5-a1a9-4b21-8240-2ed6346c64e1.jpg?1604196571
Soul Shatter,{2} {B} ,Instant,,Zendikar Rising (ZNR),#127 · Rare · English,https://c1.scryfall.com/file/scryfall-cards/large/front/2/c/2c2fb07b-0f70-403b-be8b-b5217f12e671.jpg?1604196615
Subtle Strike,{1} {B} ,Instant,,Zendikar Rising (ZNR),#128 · Common · English,https://c1.scryfall.com/file/scryfall-cards/large/front/0/d/0d3f531a-ce45-4cba-be24-6db749e38abd.jpg?1604196642
"Taborax, Hope's Demise",{2} {B} ,Legendary Creature — Demon Cleric,2/2,Zendikar Rising (ZNR),#129 · Rare · English,https://c1.scryfall.com/file/scryfall-cards/large/front/3/3/331bf97d-f447-4c68-bfc7-2bb593106d66.jpg?1604196668
Thwart the Grave,{4} {B} {B} ,Sorcery,,Zendikar Rising (ZNR),#130 · Uncommon · English,https://c1.scryfall.com/file/scryfall-cards/large/front/b/d/bd037e51-9088-4145-8289-00a86fb72ca1.jpg?1604252055
Vanquish the Weak,{2} {B} ,Instant,,Zendikar Rising (ZNR),#131 · Common · English,https://c1.scryfall.com/file/scryfall-cards/large/front/c/1/c15852d4-2c79-4841-bb65-6661d88fdfab.jpg?1604196688
"['Zof Consumption', 'Zof Bloodbog']",{4} {B} {B} ,Sorcery,,Zendikar Rising (ZNR),#132 · Uncommon · English,"['https://c1.scryfall.com/file/scryfall-cards/large/front/9/8/98496d5b-1519-4f0c-8b46-0a43be643dfb.jpg?1604196785', 'https://c1.scryfall.com/file/scryfall-cards/large/back/9/8/98496d5b-1519-4f0c-8b46-0a43be643dfb.jpg?1604196785']"
Akoum Hellhound,{R} ,Creature — Elemental Dog,0/1,Zendikar Rising (ZNR),#133 · Common · English,https://c1.scryfall.com/file/scryfall-cards/large/front/3/a/3a5ad1c8-3d70-43ed-9539-2aa6289c5c4a.jpg?1604196803
"['Akoum Warrior', 'Akoum Teeth']",{5} {R} ,Creature — Minotaur Warrior,4/5,Zendikar Rising (ZNR),#134 · Uncommon · English,"['https://c1.scryfall.com/file/scryfall-cards/large/front/d/8/d8ed0335-daa6-4dbe-a94d-4d56c8cfd093.jpg?1604196854', 'https://c1.scryfall.com/file/scryfall-cards/large/back/d/8/d8ed0335-daa6-4dbe-a94d-4d56c8cfd093.jpg?1604196854']"
Ardent Electromancer,{2} {R} ,Creature — Human Wizard,3/2,Zendikar Rising (ZNR),#135 · Common · English,https://c1.scryfall.com/file/scryfall-cards/large/front/e/8/e8685c8e-935f-49f2-acf2-8e3c41c5b330.jpg?1604196868
Cinderclasm,{1} {R} ,Instant,,Zendikar Rising (ZNR),#136 · Uncommon · English,https://c1.scryfall.com/file/scryfall-cards/large/front/5/5/5516cf97-805f-4a21-a4c6-2d6e55865336.jpg?1604196918
Cleansing Wildfire,{1} {R} ,Sorcery,,Zendikar Rising (ZNR),#137 · Common · English,https://c1.scryfall.com/file/scryfall-cards/large/front/4/9/492d77e5-acc6-41b8-8930-f39d69234919.jpg?1604196948
Expedition Champion,{2} {R} ,Creature — Human Warrior,2/3,Zendikar Rising (ZNR),#138 · Common · English,https://c1.scryfall.com/file/scryfall-cards/large/front/3/0/30084dc1-f501-4b7c-972d-1a3b9137083a.jpg?1604196963
Fireblade Charger,{R} ,Creature — Goblin Warrior,1/1,Zendikar Rising (ZNR),#139 · Uncommon · English,https://c1.scryfall.com/file/scryfall-cards/large/front/c/a/ca657846-f352-4ac4-b2b3-d0ced6607163.jpg?1604259130
Fissure Wizard,{1} {R} ,Creature — Goblin Wizard,2/1,Zendikar Rising (ZNR),#140 · Common · English,https://c1.scryfall.com/file/scryfall-cards/large/front/9/f/9fa10a18-5059-46ab-9983-0ea78b507331.jpg?1604197025
Goma Fada Vanguard,{1} {R} ,Creature — Human Warrior,2/2,Zendikar Rising (ZNR),#141 · Uncommon · English,https://c1.scryfall.com/file/scryfall-cards/large/front/c/e/ce83962b-445a-4b44-ad8a-fada2c0a15b8.jpg?1610393911
Grotag Bug-Catcher,{1} {R} ,Creature — Goblin Warrior,1/2,Zendikar Rising (ZNR),#142 · Common · English,https://c1.scryfall.com/file/scryfall-cards/large/front/5/b/5b310b01-f9cb-48ce-8af3-5957d3abf098.jpg?1604197094
Grotag Night-Runner,{2} {R} ,Creature — Goblin Rogue,2/3,Zendikar Rising (ZNR),#143 · Uncommon · English,https://c1.scryfall.com/file/scryfall-cards/large/front/0/5/0568341b-f972-407f-92ce-1b7c9ef742f6.jpg?1604197135
Inordinate Rage,{1} {R} ,Instant,,Zendikar Rising (ZNR),#144 · Common · English,https://c1.scryfall.com/file/scryfall-cards/large/front/d/0/d0f62bdc-50a0-41a0-ac37-9b0eeb21b6aa.jpg?1604197186
Kargan Intimidator,{1} {R} ,Creature — Human Warrior,3/1,Zendikar Rising (ZNR),#145 · Rare · English,https://c1.scryfall.com/file/scryfall-cards/large/front/0/8/0885acdc-9b4c-4e28-8785-9e721a27e81e.jpg?1604197242
"[""Kazuul's Fury"", ""Kazuul's Cliffs""]",{2} {R} ,Instant,,Zendikar Rising (ZNR),#146 · Uncommon · English,"['https://c1.scryfall.com/file/scryfall-cards/large/front/7/5/75240bbc-adc7-48ff-9523-c79776d710d3.jpg?1604337792', 'https://c1.scryfall.com/file/scryfall-cards/large/back/7/5/75240bbc-adc7-48ff-9523-c79776d710d3.jpg?1604337792']"
Leyline Tyrant,{2} {R} {R} ,Creature — Dragon,4/4,Zendikar Rising (ZNR),#147 · Mythic Rare · English,https://c1.scryfall.com/file/scryfall-cards/large/front/8/4/847ae75b-1c0f-4d0a-9933-9a302c88dc27.jpg?1604197374
Magmatic Channeler,{1} {R} ,Creature — Human Wizard,1/3,Zendikar Rising (ZNR),#148 · Rare · English,https://c1.scryfall.com/file/scryfall-cards/large/front/d/8/d8be6570-5b5f-4ffc-a5e5-67d7c41c8caa.jpg?1604197412
Molten Blast,{2} {R} ,Instant,,Zendikar Rising (ZNR),#149 · Common · English,https://c1.scryfall.com/file/scryfall-cards/large/front/b/b/bb1beef2-788b-469b-883b-cf1cca04eeff.jpg?1604197442
"Moraug, Fury of Akoum",{4} {R} {R} ,Legendary Creature — Minotaur Warrior,6/6,Zendikar Rising (ZNR),#150 · Mythic Rare · English,https://c1.scryfall.com/file/scryfall-cards/large/front/c/c/cc5eacd7-aaa7-4720-9794-52e7b098c82c.jpg?1604197464
Nahiri's Lithoforming,{X} {R} {R} ,Sorcery,,Zendikar Rising (ZNR),#151 · Rare · English,https://c1.scryfall.com/file/scryfall-cards/large/front/0/6/06bb4bc1-6ef9-4015-9f5f-36f51dbac87e.jpg?1604197501
Pyroclastic Hellion,{4} {R} ,Creature — Hellion,4/5,Zendikar Rising (ZNR),#152 · Common · English,https://c1.scryfall.com/file/scryfall-cards/large/front/5/9/5929c89b-8c61-47f5-a8ec-b64bf41e9d5b.jpg?1604263001
Relic Robber,{2} {R} ,Creature — Goblin Rogue,2/2,Zendikar Rising (ZNR),#153 · Rare · English,https://c1.scryfall.com/file/scryfall-cards/large/front/4/5/4540205c-eee8-4db3-8757-710de874b313.jpg?1604197560
Rockslide Sorcerer,{3} {R} ,Creature — Human Wizard,3/3,Zendikar Rising (ZNR),#154 · Uncommon · English,https://c1.scryfall.com/file/scryfall-cards/large/front/e/1/e105c546-ce4f-49c7-97ba-ea5fbe70df82.jpg?1604197586
Roil Eruption,{1} {R} ,Sorcery,,Zendikar Rising (ZNR),#155 · Common · English,https://c1.scryfall.com/file/scryfall-cards/large/front/8/6/86572747-8faa-4242-b059-07d11e6be1cd.jpg?1604197631
Roiling Vortex,{1} {R} ,Enchantment,,Zendikar Rising (ZNR),#156 · Rare · English,https://c1.scryfall.com/file/scryfall-cards/large/front/0/b/0b057eb7-8439-4d26-89df-c345ab2773e1.jpg?1604197684
Scavenged Blade,{1} {R} ,Artifact — Equipment,,Zendikar Rising (ZNR),#157 · Common · English,https://c1.scryfall.com/file/scryfall-cards/large/front/3/2/3280f0d0-de0d-4f87-a6ef-c941cb7c9784.jpg?1604197699
Scorch Rider,{3} {R} ,Creature — Human Warrior,4/3,Zendikar Rising (ZNR),#158 · Common · English,https://c1.scryfall.com/file/scryfall-cards/large/front/9/e/9ec9d3eb-4729-49a9-8146-7388ff2629df.jpg?1604197733
Shatterskull Charger,{1} {R} {R} ,Creature — Giant Warrior,4/3,Zendikar Rising (ZNR),#159 · Rare · English,https://c1.scryfall.com/file/scryfall-cards/large/front/6/c/6c6d6bc3-2162-4c2b-a5de-25103e706e37.jpg?1604197751
Shatterskull Minotaur,{4} {R} {R} ,Creature — Minotaur Warrior,5/4,Zendikar Rising (ZNR),#160 · Uncommon · English,https://c1.scryfall.com/file/scryfall-cards/large/front/9/d/9d311f5f-ad68-48d4-aa5d-66916034ddb9.jpg?1604197791
"['Shatterskull Smashing', 'Shatterskull, the Hammer Pass']",{X} {R} {R} ,Sorcery,,Zendikar Rising (ZNR),#161 · Mythic Rare · English,"['https://c1.scryfall.com/file/scryfall-cards/large/front/b/c/bc7239ea-f8aa-4a6f-87bd-c35359635673.jpg?1604197844', 'https://c1.scryfall.com/file/scryfall-cards/large/back/b/c/bc7239ea-f8aa-4a6f-87bd-c35359635673.jpg?1604197844']"
Sizzling Barrage,{1} {R} ,Instant,,Zendikar Rising (ZNR),#162 · Common · English,https://c1.scryfall.com/file/scryfall-cards/large/front/1/b/1bf5843a-a01f-4d1c-b8fe-c586d5160f6e.jpg?1604197870
Skyclave Geopede,{2} {R} ,Creature — Insect,3/1,Zendikar Rising (ZNR),#163 · Uncommon · English,https://c1.scryfall.com/file/scryfall-cards/large/front/d/b/db9103c9-084f-4ad2-8b7b-ca52be97619d.jpg?1604197899
Sneaking Guide,{R} ,Creature — Goblin Rogue,1/1,Zendikar Rising (ZNR),#164 · Common · English,https://c1.scryfall.com/file/scryfall-cards/large/front/5/6/569c9e8c-7808-49d0-82c1-72d5b835f51c.jpg?1604263538
"['Song-Mad Treachery', 'Song-Mad Ruins']",{3} {R} {R} ,Sorcery,,Zendikar Rising (ZNR),#165 · Uncommon · English,"['https://c1.scryfall.com/file/scryfall-cards/large/front/7/8/782ca27f-9f18-476c-b582-89c06fb2e322.jpg?1604198011', 'https://c1.scryfall.com/file/scryfall-cards/large/back/7/8/782ca27f-9f18-476c-b582-89c06fb2e322.jpg?1604198011']"
"['Spikefield Hazard', 'Spikefield Cave']",{R} ,Instant,,Zendikar Rising (ZNR),#166 · Uncommon · English,"['https://c1.scryfall.com/file/scryfall-cards/large/front/a/6/a69541db-3f4e-412f-aa8e-dec1e74f74dc.jpg?1604198070', 'https://c1.scryfall.com/file/scryfall-cards/large/back/a/6/a69541db-3f4e-412f-aa8e-dec1e74f74dc.jpg?1604198070']"
Spitfire Lagac,{3} {R} ,Creature — Lizard,3/4,Zendikar Rising (ZNR),#167 · Common · English,https://c1.scryfall.com/file/scryfall-cards/large/front/4/7/47f26493-812f-4c14-91c4-d2ab549a7b8a.jpg?1604198100
Synchronized Spellcraft,{4} {R} ,Instant,,Zendikar Rising (ZNR),#168 · Common · English,https://c1.scryfall.com/file/scryfall-cards/large/front/d/8/d87f4637-1ad3-4d61-98ff-98c0b0be46a1.jpg?1604198129
Teeterpeak Ambusher,{1} {R} ,Creature — Goblin Warrior,1/3,Zendikar Rising (ZNR),#169 · Common · English,https://c1.scryfall.com/file/scryfall-cards/large/front/a/d/ad57c2f3-d9cb-4165-bb39-897b5b12689e.jpg?1604198176
Thundering Rebuke,{1} {R} ,Sorcery,,Zendikar Rising (ZNR),#170 · Uncommon · English,https://c1.scryfall.com/file/scryfall-cards/large/front/d/c/dc671707-4708-44d8-8ec8-d5332599adf9.jpg?1604198187
Thundering Sparkmage,{3} {R} ,Creature — Human Wizard,2/2,Zendikar Rising (ZNR),#171 · Uncommon · English,https://c1.scryfall.com/file/scryfall-cards/large/front/a/9/a9e6de80-3516-426b-8a1b-bda45f8c0cac.jpg?1604198226
Tormenting Voice,{1} {R} ,Sorcery,,Zendikar Rising (ZNR),#172 · Common · English,https://c1.scryfall.com/file/scryfall-cards/large/front/6/d/6da46103-a14c-4aa2-92fc-fd758335caf4.jpg?1604198268
Tuktuk Rubblefort,{2} {R} ,Creature — Wall,0/3,Zendikar Rising (ZNR),#173 · Common · English,https://c1.scryfall.com/file/scryfall-cards/large/front/0/2/02eedf9d-e26c-405c-aee5-1b3493dc5e9b.jpg?1604198284
"['Valakut Awakening', 'Valakut Stoneforge']",{2} {R} ,Instant,,Zendikar Rising (ZNR),#174 · Rare · English,"['https://c1.scryfall.com/file/scryfall-cards/large/front/2/2/228e551e-023a-4c9a-8f32-58dae6ffdf7f.jpg?1604198379', 'https://c1.scryfall.com/file/scryfall-cards/large/back/2/2/228e551e-023a-4c9a-8f32-58dae6ffdf7f.jpg?1604198379']"
Valakut Exploration,{2} {R} ,Enchantment,,Zendikar Rising (ZNR),#175 · Rare · English,https://c1.scryfall.com/file/scryfall-cards/large/front/1/8/18cb7bf6-9c7c-4e62-a678-7b75862e2f64.jpg?1604263135
Wayward Guide-Beast,{R} ,Creature — Beast,2/2,Zendikar Rising (ZNR),#176 · Rare · English,https://c1.scryfall.com/file/scryfall-cards/large/front/d/0/d00f8ab0-61cd-4721-b974-a2516da77d39.jpg?1604198443
Adventure Awaits,{1} {G} ,Sorcery,,Zendikar Rising (ZNR),#177 · Common · English,https://c1.scryfall.com/file/scryfall-cards/large/front/d/b/db50f988-da46-4b9b-9cc5-78497df2df8b.jpg?1604198469
Ancient Greenwarden,{4} {G} {G} ,Creature — Elemental,5/7,Zendikar Rising (ZNR),#178 · Mythic Rare · English,https://c1.scryfall.com/file/scryfall-cards/large/front/d/f/dfe08e59-fdc4-436f-b05c-6ad386c46310.jpg?1604198488
"Ashaya, Soul of the Wild",{3} {G} {G} ,Legendary Creature — Elemental,*/*,Zendikar Rising (ZNR),#179 · Mythic Rare · English,https://c1.scryfall.com/file/scryfall-cards/large/front/7/4/74943390-d25f-47cb-90bb-cbf70c87f4a2.jpg?1604198513
"['Bala Ged Recovery', 'Bala Ged Sanctuary']",{2} {G} ,Sorcery,,Zendikar Rising (ZNR),#180 · Uncommon · English,"['https://c1.scryfall.com/file/scryfall-cards/large/front/c/5/c5cb3052-358d-44a7-8cfd-cd31b236494a.jpg?1604263635', 'https://c1.scryfall.com/file/scryfall-cards/large/back/c/5/c5cb3052-358d-44a7-8cfd-cd31b236494a.jpg?1604263635']"
Broken Wings,{2} {G} ,Instant,,Zendikar Rising (ZNR),#181 · Common · English,https://c1.scryfall.com/file/scryfall-cards/large/front/c/0/c0fc2dfd-85b0-4add-be18-b39549235921.jpg?1604198611
Canopy Baloth,{3} {G} ,Creature — Beast,4/3,Zendikar Rising (ZNR),#182 · Common · English,https://c1.scryfall.com/file/scryfall-cards/large/front/6/b/6b04160c-89a7-4dcd-b05d-5dc846824d64.jpg?1604198638
Cragplate Baloth,{5} {G} {G} ,Creature — Beast,6/6,Zendikar Rising (ZNR),#183 · Rare · English,https://c1.scryfall.com/file/scryfall-cards/large/front/a/b/ab62382d-2dc9-4a60-b031-c845ebad0357.jpg?1604198667
Dauntless Survivor,{1} {G} ,Creature — Human Warrior,1/1,Zendikar Rising (ZNR),#184 · Common · English,https://c1.scryfall.com/file/scryfall-cards/large/front/5/2/52b1b4a2-52a7-4fcd-aa96-f7d9e459657b.jpg?1604198710
Gnarlid Colony,{1} {G} ,Creature — Beast,2/2,Zendikar Rising (ZNR),#185 · Common · English,https://c1.scryfall.com/file/scryfall-cards/large/front/7/3/7327289d-eed8-44b1-8495-7172e2b49d5f.jpg?1604198764
Inscription of Abundance,{1} {G} ,Instant,,Zendikar Rising (ZNR),#186 · Rare · English,https://c1.scryfall.com/file/scryfall-cards/large/front/f/c/fcd2e01e-a143-4b62-8b01-d253fb35c590.jpg?1604198784
Iridescent Hornbeetle,{4} {G} ,Creature — Insect,3/4,Zendikar Rising (ZNR),#187 · Uncommon · English,https://c1.scryfall.com/file/scryfall-cards/large/front/2/1/214ef641-b08c-42d0-94a5-3054fa7fcebc.jpg?1604263662
Joraga Visionary,{3} {G} ,Creature — Elf Wizard,3/2,Zendikar Rising (ZNR),#188 · Common · English,https://c1.scryfall.com/file/scryfall-cards/large/front/a/1/a1ea2c17-382a-45e4-ac34-88bf8ba47169.jpg?1604198895
"['Kazandu Mammoth', 'Kazandu Valley']",{1} {G} {G} ,Creature — Elephant,3/3,Zendikar Rising (ZNR),#189 · Rare · English,"['https://c1.scryfall.com/file/scryfall-cards/large/front/2/f/2f632537-63bf-4490-86e6-e6067b9c1a3b.jpg?1604198971', 'https://c1.scryfall.com/file/scryfall-cards/large/back/2/f/2f632537-63bf-4490-86e6-e6067b9c1a3b.jpg?1604198971']"
Kazandu Nectarpot,{1} {G} ,Creature — Insect,1/3,Zendikar Rising (ZNR),#190 · Common · English,https://c1.scryfall.com/file/scryfall-cards/large/front/7/c/7c9d3f4a-ef83-454e-b8a1-1fc5d5f44be8.jpg?1604198994
Kazandu Stomper,{5} {G} ,Creature — Beast,6/5,Zendikar Rising (ZNR),#191 · Common · English,https://c1.scryfall.com/file/scryfall-cards/large/front/a/f/afdfe5aa-8b15-4a89-a22a-03baf6afa4e7.jpg?1604199049
"['Khalni Ambush', 'Khalni Territory']",{2} {G} ,Instant,,Zendikar Rising (ZNR),#192 · Uncommon · English,"['https://c1.scryfall.com/file/scryfall-cards/large/front/9/9/99535539-aa73-41ed-86ab-21c97b92620d.jpg?1604337759', 'https://c1.scryfall.com/file/scryfall-cards/large/back/9/9/99535539-aa73-41ed-86ab-21c97b92620d.jpg?1604337759']"
Lotus Cobra,{1} {G} ,Creature — Snake,2/1,Zendikar Rising (ZNR),#193 · Rare · English,https://c1.scryfall.com/file/scryfall-cards/large/front/a/4/a4b759f0-901f-4be3-93fa-224609b08d48.jpg?1604199124
Might of Murasa,{1} {G} ,Instant,,Zendikar Rising (ZNR),#194 · Common · English,https://c1.scryfall.com/file/scryfall-cards/large/front/4/2/42914fd9-e56e-4c3e-a445-fdfa45a45178.jpg?1604199153
Murasa Brute,{2} {G} ,Creature — Troll Warrior,3/3,Zendikar Rising (ZNR),#195 · Common · English,https://c1.scryfall.com/file/scryfall-cards/large/front/e/f/efe1c5b2-4356-41ae-ab7e-ad9fc835a911.jpg?1604199177
Murasa Sproutling,{2} {G} ,Creature — Plant Elemental,3/3,Zendikar Rising (ZNR),#196 · Uncommon · English,https://c1.scryfall.com/file/scryfall-cards/large/front/f/5/f53472b7-53da-4833-b7f9-204706dfb721.jpg?1604199192
Nissa's Zendikon,{3} {G} ,Enchantment — Aura,,Zendikar Rising (ZNR),#197 · Common · English,https://c1.scryfall.com/file/scryfall-cards/large/front/f/d/fd37ea0e-ff72-4522-aa5b-d46bff832a34.jpg?1604199233
Oran-Rief Ooze,{2} {G} ,Creature — Ooze,2/2,Zendikar Rising (ZNR),#198 · Rare · English,https://c1.scryfall.com/file/scryfall-cards/large/front/f/d/fd2ad967-dd77-4c3a-b53c-2929ecf7750f.jpg?1604199256
Rabid Bite,{1} {G} ,Sorcery,,Zendikar Rising (ZNR),#199 · Common · English,https://c1.scryfall.com/file/scryfall-cards/large/front/e/f/effe3fab-6d13-4603-8a21-8a3c2a0d9e08.jpg?1604199283
Reclaim the Wastes,{G} ,Sorcery,,Zendikar Rising (ZNR),#200 · Common · English,https://c1.scryfall.com/file/scryfall-cards/large/front/8/0/805faf2e-97dc-4b77-bc02-a4cae980f041.jpg?1604199307
Roiling Regrowth,{2} {G} ,Instant,,Zendikar Rising (ZNR),#201 · Uncommon · English,https://c1.scryfall.com/file/scryfall-cards/large/front/f/a/fa259096-b24f-414c-af59-301bed4b4627.jpg?1604263848
Scale the Heights,{2} {G} ,Sorcery,,Zendikar Rising (ZNR),#202 · Common · English,https://c1.scryfall.com/file/scryfall-cards/large/front/e/7/e781d6ad-950e-49bf-9645-e2354086ae49.jpg?1604199378
Scute Swarm,{2} {G} ,Creature — Insect,1/1,Zendikar Rising (ZNR),#203 · Rare · English,https://c1.scryfall.com/file/scryfall-cards/large/front/6/1/61f42823-8a48-4b81-a037-664ba1c69f29.jpg?1604199402
Skyclave Pick-Axe,{G} ,Artifact — Equipment,,Zendikar Rising (ZNR),#204 · Uncommon · English,https://c1.scryfall.com/file/scryfall-cards/large/front/9/9/9965a54b-8b22-418c-9a0d-bf154932f2e2.jpg?1604199440
Springmantle Cleric,{4} {G} ,Creature — Elf Cleric,2/3,Zendikar Rising (ZNR),#205 · Uncommon · English,https://c1.scryfall.com/file/scryfall-cards/large/front/8/d/8d822730-6d81-4dbc-a3c3-ce96d29a1078.jpg?1604199462
Strength of Solidarity,{G} ,Sorcery,,Zendikar Rising (ZNR),#206 · Common · English,https://c1.scryfall.com/file/scryfall-cards/large/front/0/9/090b3da4-c942-480e-9997-bb9c20e8d62d.jpg?1604199496
Swarm Shambler,{G} ,Creature — Fungus Beast,0/0,Zendikar Rising (ZNR),#207 · Rare · English,https://c1.scryfall.com/file/scryfall-cards/large/front/7/a/7a7e4f99-ece4-473e-b712-40e4c53558e8.jpg?1604199508
Tajuru Blightblade,{G} ,Creature — Elf Rogue,1/1,Zendikar Rising (ZNR),#208 · Common · English,https://c1.scryfall.com/file/scryfall-cards/large/front/7/f/7f3d6020-6767-406c-bf28-6b3e9ae72f50.jpg?1604199530
Tajuru Paragon,{1} {G} ,Creature — Elf,3/2,Zendikar Rising (ZNR),#209 · Rare · English,https://c1.scryfall.com/file/scryfall-cards/large/front/a/0/a045dd0f-953a-4022-8f29-0758f2b6ccaa.jpg?1604199581
Tajuru Snarecaster,{2} {G} ,Creature — Elf Rogue,1/4,Zendikar Rising (ZNR),#210 · Common · English,https://c1.scryfall.com/file/scryfall-cards/large/front/e/1/e1894cf9-7d53-4b7e-aaae-8db42bdd8e49.jpg?1604199611
"['Tangled Florahedron', 'Tangled Vale']",{1} {G} ,Creature — Elemental,1/1,Zendikar Rising (ZNR),#211 · Uncommon · English,"['https://c1.scryfall.com/file/scryfall-cards/large/front/2/3/235d1ffc-72aa-40a2-95dc-3f6a8d495061.jpg?1604199647', 'https://c1.scryfall.com/file/scryfall-cards/large/back/2/3/235d1ffc-72aa-40a2-95dc-3f6a8d495061.jpg?1604199647']"
Taunting Arbormage,{2} {G} ,Creature — Elf Wizard,2/3,Zendikar Rising (ZNR),#212 · Uncommon · English,https://c1.scryfall.com/file/scryfall-cards/large/front/c/a/ca6f8996-bf72-4e55-944f-5b8202b6068c.jpg?1604199668
Territorial Scythecat,{2} {G} ,Creature — Cat,2/1,Zendikar Rising (ZNR),#213 · Common · English,https://c1.scryfall.com/file/scryfall-cards/large/front/5/e/5e0f725c-8d1f-47ff-ad81-a5007199a5e2.jpg?1604199693
Turntimber Ascetic,{4} {G} ,Creature — Giant Cleric,5/4,Zendikar Rising (ZNR),#214 · Common · English,https://c1.scryfall.com/file/scryfall-cards/large/front/b/3/b33b6922-2584-43e1-98d4-e722e7c9393c.jpg?1604199713
"['Turntimber Symbiosis', 'Turntimber, Serpentine Wood']",{4} {G} {G} {G} ,Sorcery,,Zendikar Rising (ZNR),#215 · Mythic Rare · English,"['https://c1.scryfall.com/file/scryfall-cards/large/front/6/1/61bd69ea-1e9e-46b0-b1a1-ed7fdbe3deb6.jpg?1604199791', 'https://c1.scryfall.com/file/scryfall-cards/large/back/6/1/61bd69ea-1e9e-46b0-b1a1-ed7fdbe3deb6.jpg?1604199791']"
"['Vastwood Fortification', 'Vastwood Thicket']",{G} ,Instant,,Zendikar Rising (ZNR),#216 · Uncommon · English,"['https://c1.scryfall.com/file/scryfall-cards/large/front/3/a/3a7fd24e-84d8-405d-86e4-0571a9e23cc2.jpg?1604199835', 'https://c1.scryfall.com/file/scryfall-cards/large/back/3/a/3a7fd24e-84d8-405d-86e4-0571a9e23cc2.jpg?1604199835']"
Vastwood Surge,{3} {G} ,Sorcery,,Zendikar Rising (ZNR),#217 · Uncommon · English,https://c1.scryfall.com/file/scryfall-cards/large/front/6/9/6974363c-0d0d-4270-a25e-ab84b0c03f4e.jpg?1604199881
Veteran Adventurer,{5} {G} ,Creature — Human,5/5,Zendikar Rising (ZNR),#218 · Uncommon · English,https://c1.scryfall.com/file/scryfall-cards/large/front/e/5/e524ddf0-9a2f-4c1c-ae72-4b5b48f55645.jpg?1604199897
Vine Gecko,{1} {G} ,Creature — Elemental Lizard,2/2,Zendikar Rising (ZNR),#219 · Uncommon · English,https://c1.scryfall.com/file/scryfall-cards/large/front/7/a/7a6f9984-dec7-4a1f-91d6-1e85b5df5e4c.jpg?1604199944
"Akiri, Fearless Voyager",{1} {R} {W} ,Legendary Creature — Kor Warrior,3/3,Zendikar Rising (ZNR),#220 · Rare · English,https://c1.scryfall.com/file/scryfall-cards/large/front/6/9/69e42511-f653-4a6f-a5d4-50e21dfc8077.jpg?1604199975
Brushfire Elemental,{R} {G} ,Creature — Elemental,1/1,Zendikar Rising (ZNR),#221 · Uncommon · English,https://c1.scryfall.com/file/scryfall-cards/large/front/8/f/8fc448f6-a7fe-47c4-ac7c-385a77326469.jpg?1604199996
Cleric of Life's Bond,{W} {B} ,Creature — Vampire Cleric,2/2,Zendikar Rising (ZNR),#222 · Uncommon · English,https://c1.scryfall.com/file/scryfall-cards/large/front/9/5/953db280-6999-4b91-bc40-c6e7f7dd13ef.jpg?1604200022
"Grakmaw, Skyclave Ravager",{1} {B} {G} ,Legendary Creature — Hydra Horror,0/0,Zendikar Rising (ZNR),#223 · Rare · English,https://c1.scryfall.com/file/scryfall-cards/large/front/b/d/bd227384-e0e3-40ce-98bb-8b7cf1900ad7.jpg?1604200053
Kargan Warleader,{1} {R} {W} ,Creature — Human Warrior,3/3,Zendikar Rising (ZNR),#224 · Uncommon · English,https://c1.scryfall.com/file/scryfall-cards/large/front/6/f/6f921dca-ce93-42d1-87b1-149973558467.jpg?1604200083
"Kaza, Roil Chaser",{U} {R} ,Legendary Creature — Human Wizard,1/2,Zendikar Rising (ZNR),#225 · Rare · English,https://c1.scryfall.com/file/scryfall-cards/large/front/a/f/af6bc333-79c0-4de8-9874-80f2254f9ad2.jpg?1604200147
"Linvala, Shield of Sea Gate",{1} {W} {U} ,Legendary Creature — Angel Wizard,3/3,Zendikar Rising (ZNR),#226 · Rare · English,https://c1.scryfall.com/file/scryfall-cards/large/front/4/9/49b66956-82e1-402f-9088-2201bdc0d4b8.jpg?1604200172
Lullmage's Familiar,{1} {G} {U} ,Creature — Beast,2/4,Zendikar Rising (ZNR),#227 · Uncommon · English,https://c1.scryfall.com/file/scryfall-cards/large/front/b/3/b31a81e8-df0e-4540-93c1-c30c31ea9be9.jpg?1604200204
Moss-Pit Skeleton,{B} {G} ,Creature — Plant Skeleton,2/2,Zendikar Rising (ZNR),#228 · Uncommon · English,https://c1.scryfall.com/file/scryfall-cards/large/front/9/5/95a445dc-3aea-4281-a145-0ab3a28ec6c6.jpg?1604200221
Murasa Rootgrazer,{G} {W} ,Creature — Beast,2/3,Zendikar Rising (ZNR),#229 · Uncommon · English,https://c1.scryfall.com/file/scryfall-cards/large/front/e/7/e70b3b78-9bdc-449b-82a9-c2fc3dd7f120.jpg?1604200243
"Nahiri, Heir of the Ancients",{2} {R} {W} ,Legendary Planeswalker — Nahiri,,Zendikar Rising (ZNR),#230 · Mythic Rare · English,https://c1.scryfall.com/file/scryfall-cards/large/front/4/0/408be425-b8a6-4c03-b2a6-7ff7bd6555e0.jpg?1604200270
Nissa of Shadowed Boughs,{2} {B} {G} ,Legendary Planeswalker — Nissa,,Zendikar Rising (ZNR),#231 · Mythic Rare · English,https://c1.scryfall.com/file/scryfall-cards/large/front/6/d/6d69f943-d474-47c0-bc6b-1b247a5dd6f3.jpg?1604200305
"Omnath, Locus of Creation",{R} {G} {W} {U} ,Legendary Creature — Elemental,4/4,Zendikar Rising (ZNR),#232 · Mythic Rare · English,https://c1.scryfall.com/file/scryfall-cards/large/front/4/e/4e4fb50c-a81f-44d3-93c5-fa9a0b37f617.jpg?1610109729
"Orah, Skyclave Hierophant",{2} {W} {B} ,Legendary Creature — Kor Cleric,3/3,Zendikar Rising (ZNR),#233 · Rare · English,https://c1.scryfall.com/file/scryfall-cards/large/front/2/3/2336c8bf-fcad-41f9-9041-80b8aa3cd79a.jpg?1604200370
"Phylath, World Sculptor",{4} {R} {G} ,Legendary Creature — Elemental,5/5,Zendikar Rising (ZNR),#234 · Rare · English,https://c1.scryfall.com/file/scryfall-cards/large/front/e/7/e7af88c9-70ca-484c-bddf-b705e0ea7bc7.jpg?1604200396
Ravager's Mace,{1} {B} {R} ,Artifact — Equipment,,Zendikar Rising (ZNR),#235 · Uncommon · English,https://c1.scryfall.com/file/scryfall-cards/large/front/a/f/af484140-57d6-4505-9960-5e7b0306cc9b.jpg?1604200419
Soaring Thought-Thief,{U} {B} ,Creature — Human Rogue,1/3,Zendikar Rising (ZNR),#236 · Uncommon · English,https://c1.scryfall.com/file/scryfall-cards/large/front/0/d/0d73c9c4-8955-499f-8f87-6500b35b4977.jpg?1604200453
Spoils of Adventure,{4} {W} {U} ,Instant,,Zendikar Rising (ZNR),#237 · Uncommon · English,https://c1.scryfall.com/file/scryfall-cards/large/front/9/b/9b3b1ef0-a653-4adb-8112-82d4822446b4.jpg?1604200493
Umara Mystic,{1} {U} {R} ,Creature — Merfolk Wizard,1/3,Zendikar Rising (ZNR),#238 · Uncommon · English,https://c1.scryfall.com/file/scryfall-cards/large/front/f/b/fb979cfc-3e5b-42c9-b78d-584c274ed912.jpg?1604200545
"Verazol, the Split Current",{X} {G} {U} ,Legendary Creature — Serpent,0/0,Zendikar Rising (ZNR),#239 · Rare · English,https://c1.scryfall.com/file/scryfall-cards/large/front/7/5/752a2aa9-40ed-4c64-b945-bc6fec606b7b.jpg?1604200567
"Yasharn, Implacable Earth",{2} {G} {W} ,Legendary Creature — Elemental Boar,4/4,Zendikar Rising (ZNR),#240 · Rare · English,https://c1.scryfall.com/file/scryfall-cards/large/front/1/2/12878fbd-dbe5-44bc-9f34-38fd374ec10a.jpg?1604200584
"Zagras, Thief of Heartbeats",{4} {B} {R} ,Legendary Creature — Vampire Rogue,4/4,Zendikar Rising (ZNR),#241 · Rare · English,https://c1.scryfall.com/file/scryfall-cards/large/front/a/c/ac81448c-f87b-4ca1-b951-b359216ab1d0.jpg?1604200613
"Zareth San, the Trickster",{3} {U} {B} ,Legendary Creature — Merfolk Rogue,4/4,Zendikar Rising (ZNR),#242 · Rare · English,https://c1.scryfall.com/file/scryfall-cards/large/front/9/c/9cfe4fbe-277f-410c-9eee-f7617f4cb850.jpg?1604200662
Cliffhaven Kitesail,{1} ,Artifact — Equipment,,Zendikar Rising (ZNR),#243 · Common · English,https://c1.scryfall.com/file/scryfall-cards/large/front/e/e/eebf8f67-49d0-42de-a5cc-ad13d19d2c55.jpg?1604200689
Forsaken Monument,{5} ,Legendary Artifact,,Zendikar Rising (ZNR),#244 · Mythic Rare · English,https://c1.scryfall.com/file/scryfall-cards/large/front/3/3/33568871-dab0-4c09-b9f0-0ae78a46a06d.jpg?1604200741
Lithoform Engine,{4} ,Legendary Artifact,,Zendikar Rising (ZNR),#245 · Mythic Rare · English,https://c1.scryfall.com/file/scryfall-cards/large/front/6/6/6683416a-5820-4cd0-b28a-60a53239e9ef.jpg?1604200767
Myriad Construct,{4} ,Artifact Creature — Construct,4/4,Zendikar Rising (ZNR),#246 · Rare · English,https://c1.scryfall.com/file/scryfall-cards/large/front/d/b/db9b1de4-9aba-4145-804d-2072f258af3b.jpg?1604200790
Relic Amulet,{2} ,Artifact,,Zendikar Rising (ZNR),#247 · Uncommon · English,https://c1.scryfall.com/file/scryfall-cards/large/front/0/a/0ab97a84-fe8c-4986-afd8-3abdcc029f7f.jpg?1604200828
Relic Axe,{2} ,Artifact — Equipment,,Zendikar Rising (ZNR),#248 · Uncommon · English,https://c1.scryfall.com/file/scryfall-cards/large/front/c/a/ca8705e3-0e44-45c9-bcdf-c24507b038fe.jpg?1604200848
Relic Golem,{3} ,Artifact Creature — Golem,6/6,Zendikar Rising (ZNR),#249 · Uncommon · English,https://c1.scryfall.com/file/scryfall-cards/large/front/0/b/0b59c75b-d8f8-4f95-9030-ed73c67d988e.jpg?1604200875
Relic Vial,{3} ,Artifact,,Zendikar Rising (ZNR),#250 · Uncommon · English,https://c1.scryfall.com/file/scryfall-cards/large/front/4/b/4b9ae607-e0bc-4415-ad58-65944848bbe9.jpg?1604200900
Sea Gate Colossus,{7} ,Artifact Creature — Golem Warrior,7/5,Zendikar Rising (ZNR),#251 · Common · English,https://c1.scryfall.com/file/scryfall-cards/large/front/b/0/b04fd8e8-ee8d-4cb7-87ab-955303c46ece.jpg?1604346390
Skyclave Relic,{3} ,Artifact,,Zendikar Rising (ZNR),#252 · Rare · English,https://c1.scryfall.com/file/scryfall-cards/large/front/2/0/20259dff-4984-4d0b-aa49-34f3aaf31e3a.jpg?1604200970
Skyclave Sentinel,{3} ,Artifact Creature — Gargoyle,2/3,Zendikar Rising (ZNR),#253 · Common · English,https://c1.scryfall.com/file/scryfall-cards/large/front/f/a/fac8809a-77cd-4090-8a89-12121a8da676.jpg?1604201000
Spare Supplies,{2} ,Artifact,,Zendikar Rising (ZNR),#254 · Common · English,https://c1.scryfall.com/file/scryfall-cards/large/front/a/5/a53baf25-1782-427b-a9dd-fc9b8dc6444f.jpg?1604201030
Stonework Packbeast,{2} ,Artifact Creature — Beast,2/1,Zendikar Rising (ZNR),#255 · Common · English,https://c1.scryfall.com/file/scryfall-cards/large/front/a/2/a29e17ba-d584-4296-9f43-17467edaa25f.jpg?1604201060
Utility Knife,{1} ,Artifact — Equipment,,Zendikar Rising (ZNR),#256 · Common · English,https://c1.scryfall.com/file/scryfall-cards/large/front/1/e/1e5c781d-cd89-4671-8fbe-fae82c33357b.jpg?1604201108
Base Camp,,Land,,Zendikar Rising (ZNR),#257 · Uncommon · English,https://c1.scryfall.com/file/scryfall-cards/large/front/d/c/dc85412e-333d-4e7d-8c85-40618cf1b6c2.jpg?1604201149
Branchloft Pathway,,Land,,Zendikar Rising (ZNR),#258 · Rare · English,"['https://c1.scryfall.com/file/scryfall-cards/large/front/0/5/0511e232-2a72-40f5-a400-4f7ebc442d17.jpg?1604264312', 'https://c1.scryfall.com/file/scryfall-cards/large/back/0/5/0511e232-2a72-40f5-a400-4f7ebc442d17.jpg?1604264312']"
Brightclimb Pathway,,Land,,Zendikar Rising (ZNR),#259 · Rare · English,"['https://c1.scryfall.com/file/scryfall-cards/large/front/d/2/d24c3d51-795d-4c01-a34a-3280fccd2d78.jpg?1604264326', 'https://c1.scryfall.com/file/scryfall-cards/large/back/d/2/d24c3d51-795d-4c01-a34a-3280fccd2d78.jpg?1604264326']"
Clearwater Pathway,,Land,,Zendikar Rising (ZNR),#260 · Rare · English,"['https://c1.scryfall.com/file/scryfall-cards/large/front/b/4/b4b99ebb-0d54-4fe5-a495-979aaa564aa8.jpg?1604264337', 'https://c1.scryfall.com/file/scryfall-cards/large/back/b/4/b4b99ebb-0d54-4fe5-a495-979aaa564aa8.jpg?1604264337']"
Cragcrown Pathway,,Land,,Zendikar Rising (ZNR),#261 · Rare · English,"['https://c1.scryfall.com/file/scryfall-cards/large/front/d/a/da57eb54-5199-4a56-95f7-f6ac432876b1.jpg?1604264349', 'https://c1.scryfall.com/file/scryfall-cards/large/back/d/a/da57eb54-5199-4a56-95f7-f6ac432876b1.jpg?1604264349']"
Crawling Barrens,,Land,,Zendikar Rising (ZNR),#262 · Rare · English,https://c1.scryfall.com/file/scryfall-cards/large/front/7/b/7bd0e025-7a75-4641-a51a-27df9dcde05f.jpg?1604264359
Needleverge Pathway,,Land,,Zendikar Rising (ZNR),#263 · Rare · English,"['https://c1.scryfall.com/file/scryfall-cards/large/front/6/5/6559047e-6ede-4815-a3a0-389062094f9d.jpg?1604264370', 'https://c1.scryfall.com/file/scryfall-cards/large/back/6/5/6559047e-6ede-4815-a3a0-389062094f9d.jpg?1604264370']"
Riverglide Pathway,,Land,,Zendikar Rising (ZNR),#264 · Rare · English,"['https://c1.scryfall.com/file/scryfall-cards/large/front/2/6/2668ac91-6cda-4f81-a08d-4fc5f9cb35b2.jpg?1604867502', 'https://c1.scryfall.com/file/scryfall-cards/large/back/2/6/2668ac91-6cda-4f81-a08d-4fc5f9cb35b2.jpg?1604867502']"
Throne of Makindi,,Land,,Zendikar Rising (ZNR),#265 · Rare · English,https://c1.scryfall.com/file/scryfall-cards/large/front/d/5/d5a0563e-c83b-40df-abf6-51c83bf6792d.jpg?1604201723
Plains,,Basic Land — Plains,,Zendikar Rising (ZNR),#266 · Common · English,https://c1.scryfall.com/file/scryfall-cards/large/front/9/5/9591fd15-78d9-4089-a075-031ab2affd2d.jpg?1604201761
Plains,,Basic Land — Plains,,Zendikar Rising (ZNR),#267 · Common · English,https://c1.scryfall.com/file/scryfall-cards/large/front/5/6/5665190e-ea2a-498e-9c4f-f0bc514bd80c.jpg?1604201805
Plains,,Basic Land — Plains,,Zendikar Rising (ZNR),#268 · Common · English,https://c1.scryfall.com/file/scryfall-cards/large/front/5/d/5d918248-85ff-4fea-ac91-aa5466dd2829.jpg?1604201832
Island,,Basic Land — Island,,Zendikar Rising (ZNR),#269 · Common · English,https://c1.scryfall.com/file/scryfall-cards/large/front/7/7/77ea783b-adaa-47be-9918-ca2f161c5d9e.jpg?1604201860
Island,,Basic Land — Island,,Zendikar Rising (ZNR),#270 · Common · English,https://c1.scryfall.com/file/scryfall-cards/large/front/b/b/bb695ab9-72dc-4b07-b42d-e2109a5254b6.jpg?1604201894
Island,,Basic Land — Island,,Zendikar Rising (ZNR),#271 · Common · English,https://c1.scryfall.com/file/scryfall-cards/large/front/1/b/1ba4b3ad-1aef-44d3-889a-aedd9e070975.jpg?1604201922
Swamp,,Basic Land — Swamp,,Zendikar Rising (ZNR),#272 · Common · English,https://c1.scryfall.com/file/scryfall-cards/large/front/9/5/95a58ce4-e07f-4c9c-98ae-3173d6d63cc5.jpg?1604201981
Swamp,,Basic Land — Swamp,,Zendikar Rising (ZNR),#273 · Common · English,https://c1.scryfall.com/file/scryfall-cards/large/front/2/6/26142ae3-5aa1-4b9b-989a-21c0e4e5089d.jpg?1604201998
Swamp,,Basic Land — Swamp,,Zendikar Rising (ZNR),#274 · Common · English,https://c1.scryfall.com/file/scryfall-cards/large/front/4/1/418335b2-398f-499e-92ad-8d21a5a5b69f.jpg?1604202020
Mountain,,Basic Land — Mountain,,Zendikar Rising (ZNR),#275 · Common · English,https://c1.scryfall.com/file/scryfall-cards/large/front/9/6/96297bcc-8480-4b14-8612-1c395d481bce.jpg?1604202111
Mountain,,Basic Land — Mountain,,Zendikar Rising (ZNR),#276 · Common · English,https://c1.scryfall.com/file/scryfall-cards/large/front/7/0/701aefd4-074a-47b8-88a3-32fb90b09dee.jpg?1604202128
Mountain,,Basic Land — Mountain,,Zendikar Rising (ZNR),#277 · Common · English,https://c1.scryfall.com/file/scryfall-cards/large/front/c/8/c89b3c3a-3dba-47b3-9620-d4dd754a59e6.jpg?1604202165
Forest,,Basic Land — Forest,,Zendikar Rising (ZNR),#278 · Common · English,https://c1.scryfall.com/file/scryfall-cards/large/front/d/9/d949485e-5188-49f4-9d30-5e135532d445.jpg?1604202204
Forest,,Basic Land — Forest,,Zendikar Rising (ZNR),#279 · Common · English,https://c1.scryfall.com/file/scryfall-cards/large/front/1/8/184a9654-ce17-4378-b52b-fb6efbbf042f.jpg?1604202222
Forest,,Basic Land — Forest,,Zendikar Rising (ZNR),#280 · Common · English,https://c1.scryfall.com/file/scryfall-cards/large/front/e/2/e2ef9b74-481b-424b-8e33-f0b910f66370.jpg?1604202251
"Jace, Mirror Mage",{1} {U} {U} ,Legendary Planeswalker — Jace,,Zendikar Rising (ZNR),#281 · Mythic Rare · English,https://c1.scryfall.com/file/scryfall-cards/large/front/9/6/961bb827-f13a-417d-8284-5cd2aac3d034.jpg?1603334422
"Nahiri, Heir of the Ancients",{2} {R} {W} ,Legendary Planeswalker — Nahiri,,Zendikar Rising (ZNR),#282 · Mythic Rare · English,https://c1.scryfall.com/file/scryfall-cards/large/front/6/d/6d90ad3d-8d88-470b-897e-2f64376f7f43.jpg?1603334115
Nissa of Shadowed Boughs,{2} {B} {G} ,Legendary Planeswalker — Nissa,,Zendikar Rising (ZNR),#283 · Mythic Rare · English,https://c1.scryfall.com/file/scryfall-cards/large/front/d/a/dabac59d-8319-417e-9cd5-e4ee59b2e5f2.jpg?1603334142
Branchloft Pathway,,Land,,Zendikar Rising (ZNR),#284 · Rare · English,"['https://c1.scryfall.com/file/scryfall-cards/large/front/7/3/738ebafa-04be-4ba9-ae65-5f85e00c645a.jpg?1603335206', 'https://c1.scryfall.com/file/scryfall-cards/large/back/7/3/738ebafa-04be-4ba9-ae65-5f85e00c645a.jpg?1603335206']"
Brightclimb Pathway,,Land,,Zendikar Rising (ZNR),#285 · Rare · English,"['https://c1.scryfall.com/file/scryfall-cards/large/front/e/b/eb55e544-ab9d-403d-93ee-19e792a256c5.jpg?1603335171', 'https://c1.scryfall.com/file/scryfall-cards/large/back/e/b/eb55e544-ab9d-403d-93ee-19e792a256c5.jpg?1603335171']"
Clearwater Pathway,,Land,,Zendikar Rising (ZNR),#286 · Rare · English,"['https://c1.scryfall.com/file/scryfall-cards/large/front/b/0/b0fe4b53-18f6-42eb-b03f-cab3e5a7fba6.jpg?1603335124', 'https://c1.scryfall.com/file/scryfall-cards/large/back/b/0/b0fe4b53-18f6-42eb-b03f-cab3e5a7fba6.jpg?1603335124']"
Cragcrown Pathway,,Land,,Zendikar Rising (ZNR),#287 · Rare · English,"['https://c1.scryfall.com/file/scryfall-cards/large/front/0/5/050602c0-b5b7-4076-af33-0f7a58d0b260.jpg?1603423673', 'https://c1.scryfall.com/file/scryfall-cards/large/back/0/5/050602c0-b5b7-4076-af33-0f7a58d0b260.jpg?1603423673']"
Needleverge Pathway,,Land,,Zendikar Rising (ZNR),#288 · Rare · English,"['https://c1.scryfall.com/file/scryfall-cards/large/front/a/e/ae420b3f-2f5b-4a4a-8d3a-8e6a3288c35a.jpg?1603423722', 'https://c1.scryfall.com/file/scryfall-cards/large/back/a/e/ae420b3f-2f5b-4a4a-8d3a-8e6a3288c35a.jpg?1603423722']"
Riverglide Pathway,,Land,,Zendikar Rising (ZNR),#289 · Rare · English,"['https://c1.scryfall.com/file/scryfall-cards/large/front/7/8/78792607-0872-4de4-a9d8-92f1d58f4a71.jpg?1603423755', 'https://c1.scryfall.com/file/scryfall-cards/large/back/7/8/78792607-0872-4de4-a9d8-92f1d58f4a71.jpg?1603423755']"
Canyon Jerboa,{2} {W} ,Creature — Mouse,1/2,Zendikar Rising (ZNR),#290 · Uncommon · English,https://c1.scryfall.com/file/scryfall-cards/large/front/c/0/c0250dc8-9d4c-428a-9e34-9e3577be4745.jpg?1604268817
Fearless Fledgling,{1} {W} ,Creature — Griffin,1/1,Zendikar Rising (ZNR),#291 · Uncommon · English,https://c1.scryfall.com/file/scryfall-cards/large/front/4/8/48b8024d-a300-43cb-9dde-6b4cb1fa19f7.jpg?1604202315
Felidar Retreat,{3} {W} ,Enchantment,,Zendikar Rising (ZNR),#292 · Rare · English,https://c1.scryfall.com/file/scryfall-cards/large/front/d/4/d442c32d-457d-4fef-bba2-33a07bf23125.jpg?1604202355
Makindi Ox,{4} {W} ,Creature — Ox,4/4,Zendikar Rising (ZNR),#293 · Common · English,https://c1.scryfall.com/file/scryfall-cards/large/front/b/e/be97b691-f9f5-4fb4-8e44-8ffe32d13d03.jpg?1604202388
Prowling Felidar,{3} {W} ,Creature — Cat Beast,2/3,Zendikar Rising (ZNR),#294 · Common · English,https://c1.scryfall.com/file/scryfall-cards/large/front/e/8/e8df0aed-dd2b-4f1e-8dfe-aec07462b1e1.jpg?1604202426
Ruin Crab,{U} ,Creature — Crab,0/3,Zendikar Rising (ZNR),#295 · Uncommon · English,https://c1.scryfall.com/file/scryfall-cards/large/front/e/f/efc72e9f-2cda-47b9-84fd-4eed88312404.jpg?1604202443
Skyclave Squid,{1} {U} ,Creature — Squid,3/2,Zendikar Rising (ZNR),#296 · Common · English,https://c1.scryfall.com/file/scryfall-cards/large/front/0/4/04833fcc-cef7-4152-8191-c552288c83e4.jpg?1604202462
Dreadwurm,{4} {B} ,Creature — Wurm Horror,5/4,Zendikar Rising (ZNR),#297 · Common · English,https://c1.scryfall.com/file/scryfall-cards/large/front/d/6/d60c9b15-c824-4203-bdda-ff9c041f9e2f.jpg?1604202489
Skyclave Shade,{1} {B} ,Creature — Shade,3/1,Zendikar Rising (ZNR),#298 · Rare · English,https://c1.scryfall.com/file/scryfall-cards/large/front/0/5/05347539-de61-4a37-929f-c909e65033f5.jpg?1604202520
Akoum Hellhound,{R} ,Creature — Elemental Dog,0/1,Zendikar Rising (ZNR),#299 · Common · English,https://c1.scryfall.com/file/scryfall-cards/large/front/b/5/b5757230-08b8-4808-af61-d343f9748fb1.jpg?1604202554
"Moraug, Fury of Akoum",{4} {R} {R} ,Legendary Creature — Minotaur Warrior,6/6,Zendikar Rising (ZNR),#300 · Mythic Rare · English,https://c1.scryfall.com/file/scryfall-cards/large/front/a/e/aecfbd48-7da0-4b44-b9a2-d31412f65eb1.jpg?1604202574
Skyclave Geopede,{2} {R} ,Creature — Insect,3/1,Zendikar Rising (ZNR),#301 · Uncommon · English,https://c1.scryfall.com/file/scryfall-cards/large/front/4/9/490f3d74-6144-4cbc-80ed-37cfcdbd159a.jpg?1604202592
Spitfire Lagac,{3} {R} ,Creature — Lizard,3/4,Zendikar Rising (ZNR),#302 · Common · English,https://c1.scryfall.com/file/scryfall-cards/large/front/b/6/b6008794-a7ca-4a3e-b88b-e5dbb9e0f39b.jpg?1604202633
Valakut Exploration,{2} {R} ,Enchantment,,Zendikar Rising (ZNR),#303 · Rare · English,https://c1.scryfall.com/file/scryfall-cards/large/front/6/9/6954cc66-ab80-4457-b0da-61d80e80e25e.jpg?1604202679
Canopy Baloth,{3} {G} ,Creature — Beast,4/3,Zendikar Rising (ZNR),#304 · Common · English,https://c1.scryfall.com/file/scryfall-cards/large/front/d/5/d52e90d3-d356-4b23-8f5c-a4004b20394c.jpg?1604202724
"['Kazandu Mammoth', 'Kazandu Valley']",{1} {G} {G} ,Creature — Elephant,3/3,Zendikar Rising (ZNR),#305 · Rare · English,"['https://c1.scryfall.com/file/scryfall-cards/large/front/0/9/09c8c150-a0d8-4254-9169-7697e9c540da.jpg?1604202798', 'https://c1.scryfall.com/file/scryfall-cards/large/back/0/9/09c8c150-a0d8-4254-9169-7697e9c540da.jpg?1604202798']"
Kazandu Nectarpot,{1} {G} ,Creature — Insect,1/3,Zendikar Rising (ZNR),#306 · Common · English,https://c1.scryfall.com/file/scryfall-cards/large/front/7/9/796b5899-97e5-4682-aac8-51378f0c904e.jpg?1604202817
Lotus Cobra,{1} {G} ,Creature — Snake,2/1,Zendikar Rising (ZNR),#307 · Rare · English,https://c1.scryfall.com/file/scryfall-cards/large/front/1/5/151bdf3a-4445-43b1-8cea-2737c13d9dee.jpg?1604202856
Scute Swarm,{2} {G} ,Creature — Insect,1/1,Zendikar Rising (ZNR),#308 · Rare · English,https://c1.scryfall.com/file/scryfall-cards/large/front/3/0/309b2cb5-b9a8-417d-b5ae-0a7d03ff93f0.jpg?1604202878
Skyclave Pick-Axe,{G} ,Artifact — Equipment,,Zendikar Rising (ZNR),#309 · Uncommon · English,https://c1.scryfall.com/file/scryfall-cards/large/front/0/3/03d6d8a4-c51d-4b4a-86e7-df9e9c7a171d.jpg?1604202897
Territorial Scythecat,{2} {G} ,Creature — Cat,2/1,Zendikar Rising (ZNR),#310 · Common · English,https://c1.scryfall.com/file/scryfall-cards/large/front/c/f/cf4a4aba-3391-4259-9a5f-a163a45d943c.jpg?1604202922
Brushfire Elemental,{R} {G} ,Creature — Elemental,1/1,Zendikar Rising (ZNR),#311 · Uncommon · English,https://c1.scryfall.com/file/scryfall-cards/large/front/0/d/0d0954df-07f0-430d-90ee-d1fe40af546f.jpg?1604202961
"Omnath, Locus of Creation",{R} {G} {W} {U} ,Legendary Creature — Elemental,4/4,Zendikar Rising (ZNR),#312 · Mythic Rare · English,https://c1.scryfall.com/file/scryfall-cards/large/front/9/b/9b5bc5d7-c0f8-4632-adb7-dd3b75a3d87d.jpg?1607363660
"Phylath, World Sculptor",{4} {R} {G} ,Legendary Creature — Elemental,5/5,Zendikar Rising (ZNR),#313 · Rare · English,https://c1.scryfall.com/file/scryfall-cards/large/front/c/3/c344a3cd-43e0-4333-83ec-081f0e39530a.jpg?1604203001
Angel of Destiny,{3} {W} {W} ,Creature — Angel Cleric,2/6,Zendikar Rising (ZNR),#314 · Mythic Rare · English,https://c1.scryfall.com/file/scryfall-cards/large/front/5/f/5f3f3282-b88e-4843-9569-af20940559b0.jpg?1608439760
Archon of Emeria,{2} {W} ,Creature — Archon,2/3,Zendikar Rising (ZNR),#315 · Rare · English,https://c1.scryfall.com/file/scryfall-cards/large/front/5/3/530ed3d8-d176-44c8-ba54-f2536ceeb497.jpg?1608439738
Archpriest of Iona,{W} ,Creature — Human Cleric,*/2,Zendikar Rising (ZNR),#316 · Rare · English,https://c1.scryfall.com/file/scryfall-cards/large/front/a/2/a23d588e-f7d8-4a11-9bf5-77b9f6faffd4.jpg?1608439724
"[""Emeria's Call"", 'Emeria, Shattered Skyclave']",{4} {W} {W} {W} ,Sorcery,,Zendikar Rising (ZNR),#317 · Mythic Rare · English,"['https://c1.scryfall.com/file/scryfall-cards/large/front/c/a/ca50edb2-e50e-4601-ae18-1a313e041105.jpg?1608439694', 'https://c1.scryfall.com/file/scryfall-cards/large/back/c/a/ca50edb2-e50e-4601-ae18-1a313e041105.jpg?1608439694']"
Legion Angel,{2} {W} {W} ,Creature — Angel Warrior,4/3,Zendikar Rising (ZNR),#318 · Rare · English,https://c1.scryfall.com/file/scryfall-cards/large/front/b/c/bcc4014f-f9aa-4a46-b772-474e56ed72c3.jpg?1608495919
Luminarch Aspirant,{1} {W} ,Creature — Human Cleric,1/1,Zendikar Rising (ZNR),#319 · Rare · English,https://c1.scryfall.com/file/scryfall-cards/large/front/e/b/ebe9427d-068f-487c-9263-b40366a164bc.jpg?1608495951
Maul of the Skyclaves,{2} {W} ,Artifact — Equipment,,Zendikar Rising (ZNR),#320 · Rare · English,https://c1.scryfall.com/file/scryfall-cards/large/front/f/b/fb9da1e4-4554-42eb-aed5-9d068c39e727.jpg?1608495960
"['Ondu Inversion', 'Ondu Skyruins']",{6} {W} {W} ,Sorcery,,Zendikar Rising (ZNR),#321 · Rare · English,"['https://c1.scryfall.com/file/scryfall-cards/large/front/7/b/7b300a1d-22a6-410c-9fe4-293fefe49969.jpg?1608495991', 'https://c1.scryfall.com/file/scryfall-cards/large/back/7/b/7b300a1d-22a6-410c-9fe4-293fefe49969.jpg?1608495991']"
Skyclave Apparition,{1} {W} {W} ,Creature — Kor Spirit,2/2,Zendikar Rising (ZNR),#322 · Rare · English,https://c1.scryfall.com/file/scryfall-cards/large/front/b/c/bc4b938f-a600-4d10-8030-ed60cf6ade56.jpg?1608496061
Squad Commander,{3} {W} ,Creature — Kor Warrior,3/3,Zendikar Rising (ZNR),#323 · Rare · English,https://c1.scryfall.com/file/scryfall-cards/large/front/7/c/7c56de4d-cb23-45f8-864d-3e7d640d62b0.jpg?1608496076
"Tazri, Beacon of Unity",{4} {W} ,Legendary Creature — Human Warrior,4/6,Zendikar Rising (ZNR),#324 · Mythic Rare · English,https://c1.scryfall.com/file/scryfall-cards/large/front/8/e/8e4c1ab6-a67e-4258-8156-de21ccb2277d.jpg?1608496090
"Charix, the Raging Isle",{2} {U} {U} ,Legendary Creature — Leviathan Crab,0/17,Zendikar Rising (ZNR),#325 · Rare · English,https://c1.scryfall.com/file/scryfall-cards/large/front/9/7/97982bcc-e1b1-4d21-b208-a6587613b8a1.jpg?1608496479
Confounding Conundrum,{1} {U} ,Enchantment,,Zendikar Rising (ZNR),#326 · Rare · English,https://c1.scryfall.com/file/scryfall-cards/large/front/b/7/b7c18e39-5173-48f1-8690-5a261b872758.jpg?1608506908
Coralhelm Chronicler,{2} {U} ,Creature — Merfolk Wizard,2/2,Zendikar Rising (ZNR),#327 · Rare · English,https://c1.scryfall.com/file/scryfall-cards/large/front/9/3/937f3ea1-7966-4fd1-8ec7-bdca6edabdd0.jpg?1608506929
"['Glasspool Mimic', 'Glasspool Shore']",{2} {U} ,Creature — Shapeshifter Rogue,0/0,Zendikar Rising (ZNR),#328 · Rare · English,"['https://c1.scryfall.com/file/scryfall-cards/large/front/f/e/fee79733-4df7-4870-9e42-03407b5e1528.jpg?1608506948', 'https://c1.scryfall.com/file/scryfall-cards/large/back/f/e/fee79733-4df7-4870-9e42-03407b5e1528.jpg?1608506948']"
Inscription of Insight,{3} {U} ,Sorcery,,Zendikar Rising (ZNR),#329 · Rare · English,https://c1.scryfall.com/file/scryfall-cards/large/front/b/e/bea9e50b-f76e-4797-8e52-1e30ccfdb284.jpg?1608506986
Maddening Cacophony,{1} {U} ,Sorcery,,Zendikar Rising (ZNR),#330 · Rare · English,https://c1.scryfall.com/file/scryfall-cards/large/front/6/2/62da66b8-c16a-4fa3-bd7f-bbf89591c5d8.jpg?1608507002
Master of Winds,{2} {U} {U} ,Creature — Sphinx Wizard,1/4,Zendikar Rising (ZNR),#331 · Rare · English,https://c1.scryfall.com/file/scryfall-cards/large/front/6/3/63663faa-3ccb-4299-b393-347eefaf3c7b.jpg?1608507018
Nimble Trapfinder,{1} {U} ,Creature — Human Rogue,2/1,Zendikar Rising (ZNR),#332 · Rare · English,https://c1.scryfall.com/file/scryfall-cards/large/front/c/c/ccdc085a-8d97-45fe-86bf-2f4783ebf65e.jpg?1608507040
"['Sea Gate Restoration', 'Sea Gate, Reborn']",{4} {U} {U} {U} ,Sorcery,,Zendikar Rising (ZNR),#333 · Mythic Rare · English,"['https://c1.scryfall.com/file/scryfall-cards/large/front/a/9/a910d400-8053-4c90-82e7-bf3e22e81633.jpg?1608507058', 'https://c1.scryfall.com/file/scryfall-cards/large/back/a/9/a910d400-8053-4c90-82e7-bf3e22e81633.jpg?1608507058']"
Sea Gate Stormcaller,{1} {U} ,Creature — Human Wizard,2/1,Zendikar Rising (ZNR),#334 · Mythic Rare · English,https://c1.scryfall.com/file/scryfall-cards/large/front/1/7/17b79895-30ac-4bb4-bbe3-033a0dfcf1d6.jpg?1608507089
Thieving Skydiver,{1} {U} ,Creature — Merfolk Rogue,2/1,Zendikar Rising (ZNR),#335 · Rare · English,https://c1.scryfall.com/file/scryfall-cards/large/front/f/8/f8b3eb41-2351-4dca-becb-7ecb1fcfa14b.jpg?1608507111
"[""Agadeem's Awakening"", 'Agadeem, the Undercrypt']",{X} {B} {B} {B} ,Sorcery,,Zendikar Rising (ZNR),#336 · Mythic Rare · English,"['https://c1.scryfall.com/file/scryfall-cards/large/front/4/9/499c2b20-e83e-40ff-919e-1d134ad50c0a.jpg?1608522104', 'https://c1.scryfall.com/file/scryfall-cards/large/back/4/9/499c2b20-e83e-40ff-919e-1d134ad50c0a.jpg?1608522104']"
Coveted Prize,{4} {B} ,Sorcery,,Zendikar Rising (ZNR),#337 · Rare · English,https://c1.scryfall.com/file/scryfall-cards/large/front/9/5/95c86ad5-5384-4a62-971c-05abc995da91.jpg?1608934836
"Drana, the Last Bloodchief",{3} {B} {B} ,Legendary Creature — Vampire Cleric,4/4,Zendikar Rising (ZNR),#338 · Mythic Rare · English,https://c1.scryfall.com/file/scryfall-cards/large/front/9/2/927297f6-5480-441f-ae05-a4064f493eed.jpg?1608934855
"['Hagra Mauling', 'Hagra Broodpit']",{2} {B} {B} ,Instant,,Zendikar Rising (ZNR),#339 · Rare · English,"['https://c1.scryfall.com/file/scryfall-cards/large/front/b/2/b2274cda-b97f-4027-9cd8-c35eeaa0b5e6.jpg?1608934877', 'https://c1.scryfall.com/file/scryfall-cards/large/back/b/2/b2274cda-b97f-4027-9cd8-c35eeaa0b5e6.jpg?1608934877']"
Inscription of Ruin,{2} {B} ,Sorcery,,Zendikar Rising (ZNR),#340 · Rare · English,https://c1.scryfall.com/file/scryfall-cards/large/front/a/2/a267c7c9-dc93-445a-92e0-8cda9742e4cb.jpg?1608937056
Nighthawk Scavenger,{1} {B} {B} ,Creature — Vampire Rogue,1+*/3,Zendikar Rising (ZNR),#341 · Rare · English,https://c1.scryfall.com/file/scryfall-cards/large/front/b/9/b9522009-4fc9-439a-95ea-5800842c5ee2.jpg?1608937076
Nullpriest of Oblivion,{1} {B} ,Creature — Vampire Cleric,2/1,Zendikar Rising (ZNR),#342 · Rare · English,https://c1.scryfall.com/file/scryfall-cards/large/front/2/7/2774af92-db1a-4541-bf5c-0c34bf543aca.jpg?1608937094
Scourge of the Skyclaves,{1} {B} ,Creature — Demon,*/*,Zendikar Rising (ZNR),#343 · Mythic Rare · English,https://c1.scryfall.com/file/scryfall-cards/large/front/4/3/43fec4b5-2a9c-4448-9fef-045d0e6725c2.jpg?1608937115
Shadows' Verdict,{3} {B} {B} ,Sorcery,,Zendikar Rising (ZNR),#344 · Rare · English,https://c1.scryfall.com/file/scryfall-cards/large/front/3/1/31c1e4ca-4528-4637-9452-cc3e5da75456.jpg?1608937135
Soul Shatter,{2} {B} ,Instant,,Zendikar Rising (ZNR),#345 · Rare · English,https://c1.scryfall.com/file/scryfall-cards/large/front/1/e/1e40b3f9-8eed-41b1-afe1-eaf61a618407.jpg?1608937156
"Taborax, Hope's Demise",{2} {B} ,Legendary Creature — Demon Cleric,2/2,Zendikar Rising (ZNR),#346 · Rare · English,https://c1.scryfall.com/file/scryfall-cards/large/front/6/d/6d014ddb-c545-4f59-aa8e-e324399722e8.jpg?1608937176
Kargan Intimidator,{1} {R} ,Creature — Human Warrior,3/1,Zendikar Rising (ZNR),#347 · Rare · English,https://c1.scryfall.com/file/scryfall-cards/large/front/1/8/18442d4e-931f-4a41-b8c1-51ab3ea696df.jpg?1608942681
Leyline Tyrant,{2} {R} {R} ,Creature — Dragon,4/4,Zendikar Rising (ZNR),#348 · Mythic Rare · English,https://c1.scryfall.com/file/scryfall-cards/large/front/6/3/633ebe69-493b-486a-a5b3-5a12418623f9.jpg?1608942705
Magmatic Channeler,{1} {R} ,Creature — Human Wizard,1/3,Zendikar Rising (ZNR),#349 · Rare · English,https://c1.scryfall.com/file/scryfall-cards/large/front/7/1/711c3023-1429-4aa1-b822-85ab1badf086.jpg?1608942734
Nahiri's Lithoforming,{X} {R} {R} ,Sorcery,,Zendikar Rising (ZNR),#350 · Rare · English,https://c1.scryfall.com/file/scryfall-cards/large/front/7/b/7b2af06c-4c00-49ec-b13b-32be5bc6869a.jpg?1608942757
Relic Robber,{2} {R} ,Creature — Goblin Rogue,2/2,Zendikar Rising (ZNR),#351 · Rare · English,https://c1.scryfall.com/file/scryfall-cards/large/front/4/9/49f6a537-fa85-44ab-a853-7a32812a4b32.jpg?1608942777
Roiling Vortex,{1} {R} ,Enchantment,,Zendikar Rising (ZNR),#352 · Rare · English,https://c1.scryfall.com/file/scryfall-cards/large/front/b/6/b64940bb-c92f-4c2f-aef6-927cdc070b13.jpg?1608942797
Shatterskull Charger,{1} {R} {R} ,Creature — Giant Warrior,4/3,Zendikar Rising (ZNR),#353 · Rare · English,https://c1.scryfall.com/file/scryfall-cards/large/front/f/1/f194ce88-3206-4263-9ae9-01a4c2f4467e.jpg?1608942816
"['Shatterskull Smashing', 'Shatterskull, the Hammer Pass']",{X} {R} {R} ,Sorcery,,Zendikar Rising (ZNR),#354 · Mythic Rare · English,"['https://c1.scryfall.com/file/scryfall-cards/large/front/2/4/243d374f-5b40-4cff-99f5-079ba873d44b.jpg?1608942838', 'https://c1.scryfall.com/file/scryfall-cards/large/back/2/4/243d374f-5b40-4cff-99f5-079ba873d44b.jpg?1608942838']"
"['Valakut Awakening', 'Valakut Stoneforge']",{2} {R} ,Instant,,Zendikar Rising (ZNR),#355 · Rare · English,"['https://c1.scryfall.com/file/scryfall-cards/large/front/a/1/a156b510-8879-4a7b-b15b-71374cb1e6f7.jpg?1608942885', 'https://c1.scryfall.com/file/scryfall-cards/large/back/a/1/a156b510-8879-4a7b-b15b-71374cb1e6f7.jpg?1608942885']"
Wayward Guide-Beast,{R} ,Creature — Beast,2/2,Zendikar Rising (ZNR),#356 · Rare · English,https://c1.scryfall.com/file/scryfall-cards/large/front/e/b/ebfe94fc-7a98-4f53-8fd0-f5fd016b1873.jpg?1608942923
Ancient Greenwarden,{4} {G} {G} ,Creature — Elemental,5/7,Zendikar Rising (ZNR),#357 · Mythic Rare · English,https://c1.scryfall.com/file/scryfall-cards/large/front/c/6/c6a058aa-f620-4a1f-af32-6e6be2cb3e4b.jpg?1608953892
"Ashaya, Soul of the Wild",{3} {G} {G} ,Legendary Creature — Elemental,*/*,Zendikar Rising (ZNR),#358 · Mythic Rare · English,https://c1.scryfall.com/file/scryfall-cards/large/front/8/a/8a6a883f-55e2-43f5-90a9-34494c14c0c4.jpg?1608953908
Cragplate Baloth,{5} {G} {G} ,Creature — Beast,6/6,Zendikar Rising (ZNR),#359 · Rare · English,https://c1.scryfall.com/file/scryfall-cards/large/front/2/2/227be7a0-de77-48ae-9a07-91d671985168.jpg?1608953921
Inscription of Abundance,{1} {G} ,Instant,,Zendikar Rising (ZNR),#360 · Rare · English,https://c1.scryfall.com/file/scryfall-cards/large/front/e/1/e14c74a8-be66-4268-93fa-b32765fd82e2.jpg?1608953932
Oran-Rief Ooze,{2} {G} ,Creature — Ooze,2/2,Zendikar Rising (ZNR),#361 · Rare · English,https://c1.scryfall.com/file/scryfall-cards/large/front/0/6/06f4293f-94ba-4702-9515-fd06df806169.jpg?1608953947
Swarm Shambler,{G} ,Creature — Fungus Beast,0/0,Zendikar Rising (ZNR),#362 · Rare · English,https://c1.scryfall.com/file/scryfall-cards/large/front/6/3/63e0cde7-ec96-4428-b368-572154c97f1c.jpg?1608953959
Tajuru Paragon,{1} {G} ,Creature — Elf,3/2,Zendikar Rising (ZNR),#363 · Rare · English,https://c1.scryfall.com/file/scryfall-cards/large/front/0/d/0d1a2ec1-23c1-4826-94b8-3df24172d764.jpg?1608953972
"['Turntimber Symbiosis', 'Turntimber, Serpentine Wood']",{4} {G} {G} {G} ,Sorcery,,Zendikar Rising (ZNR),#364 · Mythic Rare · English,"['https://c1.scryfall.com/file/scryfall-cards/large/front/9/0/90df87c1-59df-4244-8653-15e7f13cdacc.jpg?1608953987', 'https://c1.scryfall.com/file/scryfall-cards/large/back/9/0/90df87c1-59df-4244-8653-15e7f13cdacc.jpg?1608953987']"
"Akiri, Fearless Voyager",{1} {R} {W} ,Legendary Creature — Kor Warrior,3/3,Zendikar Rising (ZNR),#365 · Rare · English,https://c1.scryfall.com/file/scryfall-cards/large/front/9/8/986b24f6-7def-4e2c-9e7b-a347dd3cdcee.jpg?1609006779
"Grakmaw, Skyclave Ravager",{1} {B} {G} ,Legendary Creature — Hydra Horror,0/0,Zendikar Rising (ZNR),#366 · Rare · English,https://c1.scryfall.com/file/scryfall-cards/large/front/2/5/25975f58-a6b7-4cbc-bdc5-d0eedeb3ef1b.jpg?1609006860
"Kaza, Roil Chaser",{U} {R} ,Legendary Creature — Human Wizard,1/2,Zendikar Rising (ZNR),#367 · Rare · English,https://c1.scryfall.com/file/scryfall-cards/large/front/6/b/6b9f9c0a-1ea6-44ac-b0af-6a6a32359494.jpg?1609006945
"Linvala, Shield of Sea Gate",{1} {W} {U} ,Legendary Creature — Angel Wizard,3/3,Zendikar Rising (ZNR),#368 · Rare · English,https://c1.scryfall.com/file/scryfall-cards/large/front/1/5/15500025-e5ba-4f02-b875-bfa1b1a76875.jpg?1609006984
"Orah, Skyclave Hierophant",{2} {W} {B} ,Legendary Creature — Kor Cleric,3/3,Zendikar Rising (ZNR),#369 · Rare · English,https://c1.scryfall.com/file/scryfall-cards/large/front/1/a/1a323ac2-b7c0-4eae-8c12-253ec1f81317.jpg?1609006999
"Verazol, the Split Current",{X} {G} {U} ,Legendary Creature — Serpent,0/0,Zendikar Rising (ZNR),#370 · Rare · English,https://c1.scryfall.com/file/scryfall-cards/large/front/0/5/0584fc6c-88c6-46b5-8cc5-42d4a6f7e2f4.jpg?1609007009
"Yasharn, Implacable Earth",{2} {G} {W} ,Legendary Creature — Elemental Boar,4/4,Zendikar Rising (ZNR),#371 · Rare · English,https://c1.scryfall.com/file/scryfall-cards/large/front/0/c/0c59fa96-9bf1-41e2-b687-87704d2ec3a7.jpg?1609007048
"Zagras, Thief of Heartbeats",{4} {B} {R} ,Legendary Creature — Vampire Rogue,4/4,Zendikar Rising (ZNR),#372 · Rare · English,https://c1.scryfall.com/file/scryfall-cards/large/front/f/1/f1158d64-50fa-41ac-9967-c95237fc207a.jpg?1609007062
"Zareth San, the Trickster",{3} {U} {B} ,Legendary Creature — Merfolk Rogue,4/4,Zendikar Rising (ZNR),#373 · Rare · English,https://c1.scryfall.com/file/scryfall-cards/large/front/b/9/b93f0b9a-d8a2-4b34-a23e-61cd6630ce3d.jpg?1609007069
Forsaken Monument,{5} ,Legendary Artifact,,Zendikar Rising (ZNR),#374 · Mythic Rare · English,https://c1.scryfall.com/file/scryfall-cards/large/front/0/c/0c8f362c-f035-48b3-8e74-ef23240b44f7.jpg?1609007115
Lithoform Engine,{4} ,Legendary Artifact,,Zendikar Rising (ZNR),#375 · Mythic Rare · English,https://c1.scryfall.com/file/scryfall-cards/large/front/e/3/e3b02012-56b1-4386-936b-139480162e8f.jpg?1609007154
Myriad Construct,{4} ,Artifact Creature — Construct,4/4,Zendikar Rising (ZNR),#376 · Rare · English,https://c1.scryfall.com/file/scryfall-cards/large/front/d/1/d11e4bb6-8ab3-4402-b474-0fb8cbccd802.jpg?1609007162
Skyclave Relic,{3} ,Artifact,,Zendikar Rising (ZNR),#377 · Rare · English,https://c1.scryfall.com/file/scryfall-cards/large/front/f/a/fa2fb74a-d235-4ba6-bd7e-d439478dce44.jpg?1609007204
Crawling Barrens,,Land,,Zendikar Rising (ZNR),#378 · Rare · English,https://c1.scryfall.com/file/scryfall-cards/large/front/d/9/d9078dbd-65c5-4b02-ac21-c3d2da05b8ec.jpg?1609007258
Throne of Makindi,,Land,,Zendikar Rising (ZNR),#379 · Rare · English,https://c1.scryfall.com/file/scryfall-cards/large/front/9/a/9a2731e9-ea63-4615-9ca4-8759fb15881e.jpg?1609007294
Plains,,Basic Land — Plains,,Zendikar Rising (ZNR),#380 · Common · English,https://c1.scryfall.com/file/scryfall-cards/large/front/a/e/ae92e656-6c9d-48c3-a238-5a11c2c62ec8.jpg?1604203024
Island,,Basic Land — Island,,Zendikar Rising (ZNR),#381 · Common · English,https://c1.scryfall.com/file/scryfall-cards/large/front/5/8/589a324f-4466-4d4a-8cfb-806a041d7c1f.jpg?1604203046
Swamp,,Basic Land — Swamp,,Zendikar Rising (ZNR),#382 · Common · English,https://c1.scryfall.com/file/scryfall-cards/large/front/1/9/1967d4a8-6cc4-4a4d-9d24-93257de35e6d.jpg?1604203076
Mountain,,Basic Land — Mountain,,Zendikar Rising (ZNR),#383 · Common · English,https://c1.scryfall.com/file/scryfall-cards/large/front/3/c/3c6a38dd-e8f5-420f-9576-66937c71286b.jpg?1604203097
Forest,,Basic Land — Forest,,Zendikar Rising (ZNR),#384 · Common · English,https://c1.scryfall.com/file/scryfall-cards/large/front/2/b/2b90e88b-60a3-4d1d-bb8c-14633e5005a5.jpg?1604203120
"Orah, Skyclave Hierophant",{2} {W} {B} ,Legendary Creature — Kor Cleric,3/3,Zendikar Rising (ZNR),#385 · Rare · English,https://c1.scryfall.com/file/scryfall-cards/large/front/0/d/0dc715da-970a-4525-a752-a3b7a0f1e87b.jpg?1610070411
"Charix, the Raging Isle",{2} {U} {U} ,Legendary Creature — Leviathan Crab,0/17,Zendikar Rising (ZNR),#386 · Rare · English,https://c1.scryfall.com/file/scryfall-cards/large/front/6/e/6e23886b-8200-427d-99af-068a0133795d.jpg?1610071102
Into the Roil,{1} {U} ,Instant,,Zendikar Rising (ZNR),#387 · Common · English,https://c1.scryfall.com/file/scryfall-cards/large/front/a/3/a3c2c3d7-3437-44b8-8d39-d3abe02af50e.jpg?1607658390
Bloodchief's Thirst,{B} ,Sorcery,,Zendikar Rising (ZNR),#388 · Uncommon · English,https://c1.scryfall.com/file/scryfall-cards/large/front/f/7/f7be5c0a-b538-4bc5-89c7-f5a81de7ccc3.jpg?1607658415
Roil Eruption,{1} {R} ,Sorcery,,Zendikar Rising (ZNR),#389 · Common · English,https://c1.scryfall.com/file/scryfall-cards/large/front/5/6/560c02ec-f21e-405b-8267-7f7ff089904a.jpg?1607658449
Roiling Regrowth,{2} {G} ,Instant,,Zendikar Rising (ZNR),#390 · Uncommon · English,https://c1.scryfall.com/file/scryfall-cards/large/front/5/f/5fa531b2-ccd5-489b-9edf-4cab01aca7fd.jpg?1607658471
Kargan Warleader,{1} {R} {W} ,Creature — Human Warrior,3/3,Zendikar Rising (ZNR),#391 · Uncommon · English,https://c1.scryfall.com/file/scryfall-cards/large/front/c/b/cbef1409-4e7c-445e-ae6b-b3133faf1f73.jpg?1607658505
